fact_id,fact_text,category,season,region,source,license,season_months,theme_tag
1,"A queen can lay up to 1,500 eggs per day at peak season, but output is tightly linked to nectar flow and colony strength; weak colonies simply won’t sustain it.",Bee Biology & Behaviour,All-year,Ireland/Europe,Original content,CC-BY 4.0,Jan–Dec,
2,"Worker bees transition through roles by age—nurse, house, and forager—but nutrition and pheromones can accelerate or delay that schedule.",Bee Biology & Behaviour,All-year,Ireland/Europe,Original content,CC-BY 4.0,Jan–Dec,
3,"Drones do not forage or defend the hive; their sole purpose is to mate, and they are typically evicted in late summer as resources tighten.",Bee Biology & Behaviour,Summer,Ireland/Europe,Original content,CC-BY 4.0,Jun–Aug,
4,"Honey bees use the waggle dance to communicate direction and distance to forage; it’s effective, but only when the colony has enough foragers to act on it.",Bee Biology & Behaviour,All-year,Ireland/Europe,Original content,CC-BY 4.0,Jan–Dec,
5,"Brood nest temperature is regulated around 34–35°C; if ventilation is poor or humidity is off, brood viability drops fast.",Bee Biology & Behaviour,Autumn,Ireland/Europe,Original content,CC-BY 4.0,Sep–Oct,
6,A colony’s temperament is heritable to a degree; hot colonies are often a queen/genetics issue rather than a smoker technique problem.,Bee Biology & Behaviour,All-year,Ireland/Europe,Original content,CC-BY 4.0,Jan–Dec,
7,Pheromones are the colony’s operating system—queen mandibular pheromone suppresses worker ovary development and coordinates cohesion.,Bee Biology & Behaviour,All-year,Ireland/Europe,Original content,CC-BY 4.0,Jan–Dec,
8,"Foragers typically work a single floral source during a trip (‘floral constancy’), which boosts pollination efficiency but can narrow the nectar palette.",Bee Biology & Behaviour,All-year,Ireland/Europe,Original content,CC-BY 4.0,Jan–Dec,
9,"Summer worker lifespan is roughly 4–6 weeks, while winter bees can live several months thanks to higher fat-body reserves.",Bee Biology & Behaviour,Summer,Ireland/Europe,Original content,CC-BY 4.0,Jun–Aug,
10,Propolis isn’t just sticky—colonies use it to sanitise cavities and reduce pathogen load; hives with propolis-rich envelopes often show calmer behaviour.,Bee Biology & Behaviour,All-year,Ireland/Europe,Original content,CC-BY 4.0,Jan–Dec,
11,"Guard bees assess intruders by odour; drifting is common in dense apiaries, which can spread mites and disease quietly.",Bee Biology & Behaviour,All-year,Ireland/Europe,Original content,CC-BY 4.0,Jan–Dec,
12,"Bee vision detects ultraviolet patterns on flowers, guiding nectar access; grey, overcast days reduce foraging precision and yield.",Bee Biology & Behaviour,All-year,Ireland/Europe,Original content,CC-BY 4.0,Jan–Dec,
13,"Colonies can requeen themselves via supersedure without swarming, but the success rate depends on drones being available for mating flights.",Bee Biology & Behaviour,All-year,Ireland/Europe,Original content,CC-BY 4.0,Jan–Dec,
14,"Orientation flights cluster on warm, calm afternoons; moving hives around these times increases drift and confusion.",Bee Biology & Behaviour,All-year,Ireland/Europe,Original content,CC-BY 4.0,Jan–Dec,
15,"Grafting success depends on larval age—ideally under 24 hours from hatch; older larvae will take, but you’ll select for mediocrity.",Queen Rearing & Genetics,All-year,Ireland/Europe,Original content,CC-BY 4.0,Jan–Dec,
16,Queen cell starters benefit from high nurse-bee density and open brood; starve either and your acceptance rate collapses.,Queen Rearing & Genetics,All-year,Ireland/Europe,Original content,CC-BY 4.0,Jan–Dec,
17,"Apis mellifera mellifera (Amm) selection in Ireland/Europe prioritises thriftiness, spring build-up aligned to local flora, and low swarming impulse.",Queen Rearing & Genetics,Spring,Ireland/Europe,Original content,CC-BY 4.0,Mar–May,
18,Instrumental insemination gives control over genetics but demands rigorous hygiene and quality drones; sloppy technique shows up a season later.,Queen Rearing & Genetics,Autumn,Ireland/Europe,Original content,CC-BY 4.0,Sep–Oct,
19,Drone production should be deliberate in a breeding programme; otherwise you’re letting the neighbourhood decide your genetics.,Queen Rearing & Genetics,All-year,Ireland/Europe,Original content,CC-BY 4.0,Jan–Dec,
20,Mating success hinges on weather windows of 18–25°C with light winds; persistent Atlantic lows can wipe out a cohort.,Queen Rearing & Genetics,All-year,Ireland/Europe,Original content,CC-BY 4.0,Jan–Dec,
21,"Marking and clipping queens helps management, but don’t confuse it with selection—temperament, productivity, and survival are what matter.",Queen Rearing & Genetics,All-year,Ireland/Europe,Original content,CC-BY 4.0,Jan–Dec,
22,Queen-right starters can still rear cells if queen pheromone is isolated; setup details matter more than brand of grafting tool.,Queen Rearing & Genetics,Autumn,Ireland/Europe,Original content,CC-BY 4.0,Sep–Oct,
23,Open-mating yards should be saturated with chosen drones within 7–10 km; anything less and you’re rolling dice with local mongrels.,Queen Rearing & Genetics,All-year,Ireland/Europe,Original content,CC-BY 4.0,Jan–Dec,
24,Virgin queens are flightier and more prone to vanish; minimise inspections until they are mated and laying a solid pattern.,Queen Rearing & Genetics,All-year,Ireland/Europe,Original content,CC-BY 4.0,Jan–Dec,
25,"Evaluate queens on a scored rubric: brood pattern, honey yield, gentleness, hygienic behaviour, and overwintering success over two seasons.",Queen Rearing & Genetics,Winter,Ireland/Europe,Original content,CC-BY 4.0,Nov–Feb,
26,"Emergency cells tend to produce smaller queens on average; for breeding stock, use planned grafts from selected mothers instead.",Queen Rearing & Genetics,All-year,Ireland/Europe,Original content,CC-BY 4.0,Jan–Dec,
27,"Ferality is not a breeding plan; unmanaged survivor colonies might carry traits you don’t want, including disease tolerance that masks spread.",Queen Rearing & Genetics,All-year,Ireland/Europe,Original content,CC-BY 4.0,Jan–Dec,
28,Keep pedigree cards and dates religiously; memory is not a system and it will cost you seasons.,Queen Rearing & Genetics,All-year,Ireland/Europe,Original content,CC-BY 4.0,Jan–Dec,
29,"Varroa isn’t a bad year problem; it’s an every-year problem—monitor by alcohol wash or sugar roll and treat on thresholds, not vibes.",Colony Management,All-year,Ireland/Europe,Original content,CC-BY 4.0,Jan–Dec,
30,A single heavy nectar flow can mask queen failure; always verify brood pattern before supering and again after it’s pulled.,Colony Management,All-year,Ireland/Europe,Original content,CC-BY 4.0,Jan–Dec,
31,Feeding syrup in late autumn risks stimulating brood when you want winter bees; feed earlier or use fondant when it’s cold.,Colony Management,Autumn,Ireland/Europe,Original content,CC-BY 4.0,Sep–Oct,
32,"If you split without ensuring adequate nurse bees and resources, you’re not making two hives—you’re making two weak ones.",Colony Management,All-year,Ireland/Europe,Original content,CC-BY 4.0,Jan–Dec,
33,"Swarm control needs timing; once cups have royal jelly and larvae, you’re behind—execute your chosen method without half-measures.",Colony Management,All-year,Ireland/Europe,Original content,CC-BY 4.0,Jan–Dec,
34,"Apiary density increases drift and disease pressure; space hives, vary orientations, and use landmarks to reduce cross-traffic.",Colony Management,All-year,Ireland/Europe,Original content,CC-BY 4.0,Jan–Dec,
35,Comb management matters: cycle out dark brood comb to limit pathogen load and chemical residues; wax tells the hive’s history.,Colony Management,All-year,Ireland/Europe,Original content,CC-BY 4.0,Jan–Dec,
36,Emergency feeding should be simple and fast; starving colonies don’t care about your preferred feeder brand.,Colony Management,All-year,Ireland/Europe,Original content,CC-BY 4.0,Jan–Dec,
37,A queen excluder does not fix poor nectar flows; more often it highlights a weak or congested brood nest.,Colony Management,All-year,Ireland/Europe,Original content,CC-BY 4.0,Jan–Dec,
38,"If brood breaks are part of your varroa plan, schedule them—accidental broodless periods rarely line up with mite biology.",Colony Management,All-year,Ireland/Europe,Original content,CC-BY 4.0,Jan–Dec,
39,"Record-keeping beats gut feel over a season; write down dates for inspections, treatments, splits, and flows.",Colony Management,All-year,Ireland/Europe,Original content,CC-BY 4.0,Jan–Dec,
40,"Mouse guards and woodpecker protection are boring until you lose a colony; winter prep is risk management, not decor.",Colony Management,Winter,Ireland/Europe,Original content,CC-BY 4.0,Nov–Feb,
41,Requeening hot colonies pays back in fewer stings and faster inspections; PPE is not a breeding policy.,Colony Management,All-year,Ireland/Europe,Original content,CC-BY 4.0,Jan–Dec,
42,Supers on too early can chill brood; aim for strong coverage of brood frames before stacking boxes.,Colony Management,All-year,Ireland/Europe,Original content,CC-BY 4.0,Jan–Dec,
43,"In Ireland and much of Europe, willow and gorse provide critical early pollen; colonies that miss this sprint struggle to build for spring flows.",Floral & Environmental,Spring,Ireland/Europe,Original content,CC-BY 4.0,Mar–May,
44,Hawthorn can trigger explosive spring build-up when weather cooperates; cold snaps during bloom stall it immediately.,Floral & Environmental,Spring,Ireland/Europe,Original content,CC-BY 4.0,Mar–May,
45,"White clover yields well in warm, damp summers; drought shrinks nectar production even when fields look green.",Floral & Environmental,Summer,Ireland/Europe,Original content,CC-BY 4.0,Jun–Aug,
46,Heather (Calluna) produces thixotropic honey prized in Ireland and Scotland; extracting it needs pressing rather than spinning.,Floral & Environmental,Summer,Ireland/Europe,Original content,CC-BY 4.0,Jun–Aug,
47,"Lime trees can produce strong nectar flows in urban Europe, but yields are erratic—location and microclimate rule.",Floral & Environmental,Summer,Ireland/Europe,Original content,CC-BY 4.0,Jun–Aug,
48,"Oilseed rape gives big, fast crops but sets like concrete; extraction timing and room temperature are non-negotiable.",Floral & Environmental,All-year,Ireland/Europe,Original content,CC-BY 4.0,Jan–Dec,
49,"Brambles are the quiet workhorse of Irish summers; long, staggered bloom keeps colonies ticking between main flows.",Floral & Environmental,Summer,Ireland/Europe,Original content,CC-BY 4.0,Jun–Aug,
50,Ivy is a vital late pollen and nectar source; it props up winter bees but can clog brood boxes if you don’t manage space.,Floral & Environmental,Autumn,Ireland/Europe,Original content,CC-BY 4.0,Sep–Oct,
51,Phenology beats calendars: track growing degree days and local bloom records rather than copying someone 200 km away.,Floral & Environmental,All-year,Ireland/Europe,Original content,CC-BY 4.0,Jan–Dec,
52,Shelter matters on Atlantic coasts; wind exposure can halve foraging hours even on ‘good’ days.,Floral & Environmental,All-year,Ireland/Europe,Original content,CC-BY 4.0,Jan–Dec,
53,Urban forage diversity can rival rural; mixed gardens and parks often outclass monocultures for steady nectar.,Floral & Environmental,All-year,Ireland/Europe,Original content,CC-BY 4.0,Jan–Dec,
54,Re-wilded margins and hedgerows add nectar continuity; tidy farms often mean hungry bees by August.,Floral & Environmental,All-year,Ireland/Europe,Original content,CC-BY 4.0,Jan–Dec,
55,Heather moors require strong colonies and timing; late build-up means you’re hauling boxes for exercise.,Floral & Environmental,Spring,Ireland/Europe,Original content,CC-BY 4.0,Mar–May,
56,Met Éireann-style weather windows dictate supering; a week of rain during peak bloom can erase a month’s prep.,Floral & Environmental,All-year,Ireland/Europe,Original content,CC-BY 4.0,Jan–Dec,
57,"Moisture content under ~18% reduces fermentation risk; if it’s borderline, finish honey in a warm room with dehumidification.",Products & Processing,All-year,Ireland/Europe,Original content,CC-BY 4.0,Jan–Dec,
58,Crystallisation is normal and driven by glucose content and seed crystals; fine-grain set honey needs controlled cooling and seeding.,Products & Processing,All-year,Ireland/Europe,Original content,CC-BY 4.0,Jan–Dec,
59,Heather honey gels due to colloids; pressing frames preserves body and aroma that spinning can’t recover.,Products & Processing,Summer,Ireland/Europe,Original content,CC-BY 4.0,Jun–Aug,
60,Pollen traps reduce yield if overused; run them sparingly and watch colony nutrition like a hawk.,Products & Processing,All-year,Ireland/Europe,Original content,CC-BY 4.0,Jan–Dec,
61,Wax rendering is easier if you let cappings drain first; water content affects bricks and mess.,Products & Processing,All-year,Ireland/Europe,Original content,CC-BY 4.0,Jan–Dec,
62,"Propolis can be harvested with screens and chilled to flake; markets value clean, low-debris product.",Products & Processing,All-year,Ireland/Europe,Original content,CC-BY 4.0,Jan–Dec,
63,Food-grade buckets and traceable batch codes aren’t optional; you’re a food producer the moment you sell a jar.,Products & Processing,All-year,Ireland/Europe,Original content,CC-BY 4.0,Jan–Dec,
64,"Warm rooms should be controlled, not improvised; cooked honey tastes like regret and refunds.",Products & Processing,All-year,Ireland/Europe,Original content,CC-BY 4.0,Jan–Dec,
65,"Creamed honey quality comes from process control, not additives; start with a fine seed and don’t rush the set.",Products & Processing,All-year,Ireland/Europe,Original content,CC-BY 4.0,Jan–Dec,
66,"Label claims invite scrutiny; origin, weight, lot, and best-before must be right to meet EU rules.",Products & Processing,All-year,Ireland/Europe,Original content,CC-BY 4.0,Jan–Dec,
67,Beeswax foundations vary; pesticide residues accumulate over years—rotate in clean wax when you can.,Products & Processing,Autumn,Ireland/Europe,Original content,CC-BY 4.0,Sep–Oct,
68,Pollen handling is a hygiene game; dry quickly and store airtight to avoid mould and off-flavours.,Products & Processing,All-year,Ireland/Europe,Original content,CC-BY 4.0,Jan–Dec,
69,"Royal jelly production is labour-heavy; unless you have a niche market, it’s a passion project not a profit centre.",Products & Processing,All-year,Ireland/Europe,Original content,CC-BY 4.0,Jan–Dec,
70,Honey shows are won on cleanliness and consistency; the judge can’t taste your back-story.,Products & Processing,All-year,Ireland/Europe,Original content,CC-BY 4.0,Jan–Dec,
71,"Ireland’s native dark bee, Apis mellifera mellifera, has a long cultural footprint; conservation groups aim to keep its genetics distinct from imports.",History & Culture,All-year,Ireland/Europe,Original content,CC-BY 4.0,Jan–Dec,
72,Traditional skep beekeeping shaped early husbandry but harvested by killing colonies; modern practice values stock and sustainability.,History & Culture,All-year,Ireland/Europe,Original content,CC-BY 4.0,Jan–Dec,
73,Monastic records across Europe note beeswax for candles; wax quality dictated church lighting long before electricity.,History & Culture,All-year,Ireland/Europe,Original content,CC-BY 4.0,Jan–Dec,
74,The ‘bee line’ in folklore reflects straight-line flight to forage sites; reality is more nuanced with orientation loops and drift.,History & Culture,All-year,Ireland/Europe,Original content,CC-BY 4.0,Jan–Dec,
75,"In the 19th century, moveable-frame hives transformed management; everything else is a footnote to that invention.",History & Culture,All-year,Ireland/Europe,Original content,CC-BY 4.0,Jan–Dec,
76,Irish heather honey has a reputation that predates modern branding; terroir matters because plants and weather do.,History & Culture,Summer,Ireland/Europe,Original content,CC-BY 4.0,Jun–Aug,
77,"Beekeeping guilds historically managed swarms and disputes; today, associations train and lobby for standards.",History & Culture,All-year,Ireland/Europe,Original content,CC-BY 4.0,Jan–Dec,
78,War-time sugar rationing forced creative feeding; lessons learned still inform emergency feeding today.,History & Culture,All-year,Ireland/Europe,Original content,CC-BY 4.0,Jan–Dec,
79,"Smokers, veils, and gloves improved safety, but selection for gentleness reduced the need for armour over time.",History & Culture,All-year,Ireland/Europe,Original content,CC-BY 4.0,Jan–Dec,
80,The European dark bee’s winter thrift aligned with lean forage landscapes; that trait remains valuable under poor flows.,History & Culture,Winter,Ireland/Europe,Original content,CC-BY 4.0,Nov–Feb,
81,Folklore often paints swarms as omens; in practice they’re just reproductive biology and poor timing on the beekeeper’s part.,History & Culture,All-year,Ireland/Europe,Original content,CC-BY 4.0,Jan–Dec,
82,"Regional hive patterns—WBC, National, Dadant—reflect climate, materials, and tradition more than bee preference.",History & Culture,All-year,Ireland/Europe,Original content,CC-BY 4.0,Jan–Dec,
83,"Market demand for ‘local honey’ surged with food provenance trends; good for prices, unforgiving on quality slips.",History & Culture,All-year,Ireland/Europe,Original content,CC-BY 4.0,Jan–Dec,
84,Beekeeping books are full of absolutes; local conditions routinely prove them wrong.,History & Culture,All-year,Ireland/Europe,Original content,CC-BY 4.0,Jan–Dec,
85,Festival tastings and farm shops educate customers faster than social media; tasting converts sceptics.,History & Culture,All-year,Ireland/Europe,Original content,CC-BY 4.0,Jan–Dec,
86,Varroa control strategies should rotate modes of action to reduce resistance risk; one ‘miracle’ product won’t stay that way.,Sustainability & Science,All-year,Ireland/Europe,Original content,CC-BY 4.0,Jan–Dec,
87,Screened bottom boards marginally reduce varroa fall; they are not a treatment—monitoring still matters.,Sustainability & Science,All-year,Ireland/Europe,Original content,CC-BY 4.0,Jan–Dec,
88,Breeding for hygienic behaviour reduces mite growth but doesn’t eliminate the need for management in most European contexts.,Sustainability & Science,All-year,Ireland/Europe,Original content,CC-BY 4.0,Jan–Dec,
89,"Pesticide exposure is often sub-lethal; effects show up as poor navigation, brood loss, and winter failures months later.",Sustainability & Science,Autumn,Ireland/Europe,Original content,CC-BY 4.0,Sep–Oct,
90,Planting forage mixes beats single wildflower strips; staggered bloom supports steady colony nutrition.,Sustainability & Science,All-year,Ireland/Europe,Original content,CC-BY 4.0,Jan–Dec,
91,"Colony losses are multi-factorial—mites, viruses, forage gaps, weather, and beekeeper timing all contribute.",Sustainability & Science,All-year,Ireland/Europe,Original content,CC-BY 4.0,Jan–Dec,
92,"Oxalic acid works best on broodless colonies; if you dose through capped brood, expect survivors—mites, not bees.",Sustainability & Science,All-year,Ireland/Europe,Original content,CC-BY 4.0,Jan–Dec,
93,Thermal and mechanical varroa devices can help but require strict protocols; sloppy use hurts bees more than mites.,Sustainability & Science,All-year,Ireland/Europe,Original content,CC-BY 4.0,Jan–Dec,
94,Migratory beekeeping increases disease mixing; biosecurity and quarantine are unpopular until you find AFB.,Sustainability & Science,All-year,Ireland/Europe,Original content,CC-BY 4.0,Jan–Dec,
95,"Citizen-science colony loss surveys help track trends, but local records guide actual decisions on your stands.",Sustainability & Science,All-year,Ireland/Europe,Original content,CC-BY 4.0,Jan–Dec,
96,Climate change shifts phenology and de-synchronises bees and bloom; records beat opinions when planning.,Sustainability & Science,All-year,Ireland/Europe,Original content,CC-BY 4.0,Jan–Dec,
97,Antibiotics are not routine tools in EU beekeeping; focus on hygiene and proper diagnosis before treatment.,Sustainability & Science,All-year,Ireland/Europe,Original content,CC-BY 4.0,Jan–Dec,
98,"Foundationless frames reduce chemical exposure from recycled wax, but management demands more skill and time.",Sustainability & Science,All-year,Ireland/Europe,Original content,CC-BY 4.0,Jan–Dec,
99,Comb honey production needs low disease pressure and clean forage to pass residue expectations—your IPM matters.,Sustainability & Science,All-year,Ireland/Europe,Original content,CC-BY 4.0,Jan–Dec,
100,Data loggers and hive scales turn hunches into graphs; they won’t fix management but they will expose mistakes fast.,Sustainability & Science,All-year,Ireland/Europe,Original content,CC-BY 4.0,Jan–Dec,
101,"Hawthorn often anchors spring forage in Ireland. Weather rules nectar: cool, wet spells can slash yields even when hedgerows look busy.",Floral & Environmental,Spring,Ireland/Europe,EFSA. (2022). Pollinator risk assessment overview.,CC-BY 4.0,Mar–May,#microclimate
102,Swarm prevention starts before cups have jelly; inspect on a 7–9 day cadence when build-up accelerates. A small tweak in timing here usually means fewer interventions later.,Colony Management,Spring,Ireland/Europe,FAO. (2018). Good beekeeping practices.,CC-BY 4.0,Mar–May,#varroa
103,"Fruit Blossom often anchors spring forage in Ireland. Weather rules nectar: cool, wet spells can slash yields even when hedgerows look busy.",Floral & Environmental,Spring,Ireland/Europe,EFSA. (2022). Pollinator risk assessment overview.,CC-BY 4.0,Mar–May,#phenology
104,Brood nest temperature regulation around 34–35°C underpins healthy development. Simple records and a steady routine will beat gadgets and guesswork.,Sustainability & Science,Spring,Ireland/Europe,DAFM. (2024). Bee Health & Biosecurity Advice.,CC-BY 4.0,Mar–May,#science
105,Young nurse bees drive jelly production; protein intake now sets colony trajectory. Simple records and a steady routine will beat gadgets and guesswork.,Sustainability & Science,Spring,Ireland/Europe,NBDC Ireland. (2023). Biodiversity records.,CC-BY 4.0,Mar–May,#biosecurity
106,Early spring honeys are often lighter; moisture control can be tricky in damp spells. Clean kit and consistent temperatures do most of the heavy lifting.,Products & Processing,Spring,Ireland/Europe,BBKA. (2021). Notes for Beekeepers.,CC-BY 4.0,Mar–May,#processing
107,"Hawthorn often anchors spring forage in Ireland. Weather rules nectar: cool, wet spells can slash yields even when hedgerows look busy.",Floral & Environmental,Spring,Ireland/Europe,COLOSS. (2023). Honey bee health guidance.,CC-BY 4.0,Mar–May,#microclimate
108,"Mating success depends on warm, calm afternoons and ample drones. Line-breeding without records just randomises outcomes with a pedigree label.",Queen Rearing & Genetics,Spring,Ireland/Europe,Original content,CC-BY 4.0,Mar–May,#genetics
109,"Brood care is protein-hungry: nurse bees need pollen to make jelly, especially in spring. When protein dips, brood pattern suffers before you notice stores falling.",Bee Biology & Behaviour,Spring,Ireland/Europe,BBKA. (2021). Notes for Beekeepers.,CC-BY 4.0,Mar–May,#biology
110,"Fruit Blossom often anchors spring forage in Ireland. Weather rules nectar: cool, wet spells can slash yields even when hedgerows look busy.",Floral & Environmental,Spring,Ireland/Europe,NBDC Ireland. (2023). Biodiversity records.,CC-BY 4.0,Mar–May,#microclimate
111,Young nurse bees drive jelly production; protein intake now sets colony trajectory. Simple records and a steady routine will beat gadgets and guesswork.,Sustainability & Science,Spring,Ireland/Europe,DAFM. (2024). Bee Health & Biosecurity Advice.,CC-BY 4.0,Mar–May,#sustainability
112,"Mating success depends on warm, calm afternoons and ample drones. Line-breeding without records just randomises outcomes with a pedigree label.",Queen Rearing & Genetics,Spring,Ireland/Europe,Met Éireann. (2024). Irish climatology & phenology.,CC-BY 4.0,Mar–May,#queen
113,"Dandelion often anchors spring forage in Ireland. Weather rules nectar: cool, wet spells can slash yields even when hedgerows look busy.",Floral & Environmental,Spring,Ireland/Europe,BBKA. (2021). Notes for Beekeepers.,CC-BY 4.0,Mar–May,#forage
114,"Mating success depends on warm, calm afternoons and ample drones. Line-breeding without records just randomises outcomes with a pedigree label.",Queen Rearing & Genetics,Spring,Ireland/Europe,COLOSS. (2023). Honey bee health guidance.,CC-BY 4.0,Mar–May,#queen
115,Swarm prevention starts before cups have jelly; inspect on a 7–9 day cadence when build-up accelerates. A small tweak in timing here usually means fewer interventions later.,Colony Management,Spring,Ireland/Europe,Original content,CC-BY 4.0,Mar–May,#swarm
116,"Fruit Blossom often anchors spring forage in Ireland. Weather rules nectar: cool, wet spells can slash yields even when hedgerows look busy.",Floral & Environmental,Spring,Ireland/Europe,FAO. (2018). Good beekeeping practices.,CC-BY 4.0,Mar–May,#weather
117,Balance brood and space to avoid congestion that triggers queen cells. A small tweak in timing here usually means fewer interventions later.,Colony Management,Spring,Ireland/Europe,EFSA. (2022). Pollinator risk assessment overview.,CC-BY 4.0,Mar–May,#varroa
118,Early spring honeys are often lighter; moisture control can be tricky in damp spells. Clean kit and consistent temperatures do most of the heavy lifting.,Products & Processing,Spring,Ireland/Europe,BBKA. (2021). Notes for Beekeepers.,CC-BY 4.0,Mar–May,#processing
119,"Mating success depends on warm, calm afternoons and ample drones. Line-breeding without records just randomises outcomes with a pedigree label.",Queen Rearing & Genetics,Spring,Ireland/Europe,DAFM. (2024). Bee Health & Biosecurity Advice.,CC-BY 4.0,Mar–May,#queen
120,Young nurse bees drive jelly production; protein intake now sets colony trajectory. Simple records and a steady routine will beat gadgets and guesswork.,Sustainability & Science,Spring,Ireland/Europe,COLOSS. (2023). Honey bee health guidance.,CC-BY 4.0,Mar–May,#science
121,"Brood care is protein-hungry: nurse bees need pollen to make jelly, especially in spring. When protein dips, brood pattern suffers before you notice stores falling.",Bee Biology & Behaviour,Spring,Ireland/Europe,DAFM. (2024). Bee Health & Biosecurity Advice.,CC-BY 4.0,Mar–May,#biology
122,Swarm prevention starts before cups have jelly; inspect on a 7–9 day cadence when build-up accelerates. A small tweak in timing here usually means fewer interventions later.,Colony Management,Spring,Ireland/Europe,NBDC Ireland. (2023). Biodiversity records.,CC-BY 4.0,Mar–May,#swarm
123,"Brood care is protein-hungry: nurse bees need pollen to make jelly, especially in spring. When protein dips, brood pattern suffers before you notice stores falling.",Bee Biology & Behaviour,Spring,Ireland/Europe,EFSA. (2022). Pollinator risk assessment overview.,CC-BY 4.0,Mar–May,#biology
124,Swarm prevention starts before cups have jelly; inspect on a 7–9 day cadence when build-up accelerates. A small tweak in timing here usually means fewer interventions later.,Colony Management,Spring,Ireland/Europe,NBDC Ireland. (2023). Biodiversity records.,CC-BY 4.0,Mar–May,#swarm
125,"Fruit Blossom often anchors spring forage in Ireland. Weather rules nectar: cool, wet spells can slash yields even when hedgerows look busy.",Floral & Environmental,Spring,Ireland/Europe,Original content,CC-BY 4.0,Mar–May,#microclimate
126,"Mating success depends on warm, calm afternoons and ample drones. Line-breeding without records just randomises outcomes with a pedigree label.",Queen Rearing & Genetics,Spring,Ireland/Europe,BBKA. (2021). Notes for Beekeepers.,CC-BY 4.0,Mar–May,#breeding
127,Early spring honeys are often lighter; moisture control can be tricky in damp spells. Clean kit and consistent temperatures do most of the heavy lifting.,Products & Processing,Spring,Ireland/Europe,BBKA. (2021). Notes for Beekeepers.,CC-BY 4.0,Mar–May,#honey
128,"Gorse often anchors spring forage in Ireland. Weather rules nectar: cool, wet spells can slash yields even when hedgerows look busy.",Floral & Environmental,Spring,Ireland/Europe,DAFM. (2024). Bee Health & Biosecurity Advice.,CC-BY 4.0,Mar–May,#forage
129,"Brood care is protein-hungry: nurse bees need pollen to make jelly, especially in spring. When protein dips, brood pattern suffers before you notice stores falling.",Bee Biology & Behaviour,Spring,Ireland/Europe,EFSA. (2022). Pollinator risk assessment overview.,CC-BY 4.0,Mar–May,#biology
130,"Mating success depends on warm, calm afternoons and ample drones. Line-breeding without records just randomises outcomes with a pedigree label.",Queen Rearing & Genetics,Spring,Ireland/Europe,BBKA. (2021). Notes for Beekeepers.,CC-BY 4.0,Mar–May,#queen
131,Guilds and associations once settled swarm disputes; today they train and advocate. Local practice still bends to weather and forage more than to fashion.,History & Culture,Spring,Ireland/Europe,Met Éireann. (2024). Irish climatology & phenology.,CC-BY 4.0,Mar–May,#tradition
132,Build colonies on early pollen; weak starts rarely catch peak flows. A small tweak in timing here usually means fewer interventions later.,Colony Management,Spring,Ireland/Europe,COLOSS. (2023). Honey bee health guidance.,CC-BY 4.0,Mar–May,#management
133,Balance brood and space to avoid congestion that triggers queen cells. A small tweak in timing here usually means fewer interventions later.,Colony Management,Spring,Ireland/Europe,EFSA. (2022). Pollinator risk assessment overview.,CC-BY 4.0,Mar–May,#feeding
134,Local ‘straight lines to home’ folklore simplifies reality—orientation loops and drift are normal. Local practice still bends to weather and forage more than to fashion.,History & Culture,Spring,Ireland/Europe,EFSA. (2022). Pollinator risk assessment overview.,CC-BY 4.0,Mar–May,#tradition
135,"Hawthorn often anchors spring forage in Ireland. Weather rules nectar: cool, wet spells can slash yields even when hedgerows look busy.",Floral & Environmental,Spring,Ireland/Europe,COLOSS. (2023). Honey bee health guidance.,CC-BY 4.0,Mar–May,#weather
136,Balance brood and space to avoid congestion that triggers queen cells. A small tweak in timing here usually means fewer interventions later.,Colony Management,Spring,Ireland/Europe,COLOSS. (2023). Honey bee health guidance.,CC-BY 4.0,Mar–May,#feeding
137,Balance brood and space to avoid congestion that triggers queen cells. A small tweak in timing here usually means fewer interventions later.,Colony Management,Spring,Ireland/Europe,DAFM. (2024). Bee Health & Biosecurity Advice.,CC-BY 4.0,Mar–May,#swarm
138,"Willow often anchors spring forage in Ireland. Weather rules nectar: cool, wet spells can slash yields even when hedgerows look busy.",Floral & Environmental,Spring,Ireland/Europe,FAO. (2018). Good beekeeping practices.,CC-BY 4.0,Mar–May,#phenology
139,Build colonies on early pollen; weak starts rarely catch peak flows. A small tweak in timing here usually means fewer interventions later.,Colony Management,Spring,Ireland/Europe,EFSA. (2022). Pollinator risk assessment overview.,CC-BY 4.0,Mar–May,#swarm
140,Young nurse bees drive jelly production; protein intake now sets colony trajectory. Simple records and a steady routine will beat gadgets and guesswork.,Sustainability & Science,Spring,Ireland/Europe,NBDC Ireland. (2023). Biodiversity records.,CC-BY 4.0,Mar–May,#science
141,"Brood care is protein-hungry: nurse bees need pollen to make jelly, especially in spring. When protein dips, brood pattern suffers before you notice stores falling.",Bee Biology & Behaviour,Spring,Ireland/Europe,COLOSS. (2023). Honey bee health guidance.,CC-BY 4.0,Mar–May,#behaviour
142,Irish heather honey has a long-standing reputation; terroir matters as much as technique. Local practice still bends to weather and forage more than to fashion.,History & Culture,Spring,Ireland/Europe,DAFM. (2024). Bee Health & Biosecurity Advice.,CC-BY 4.0,Mar–May,#history
143,"Brood care is protein-hungry: nurse bees need pollen to make jelly, especially in spring. When protein dips, brood pattern suffers before you notice stores falling.",Bee Biology & Behaviour,Spring,Ireland/Europe,Met Éireann. (2024). Irish climatology & phenology.,CC-BY 4.0,Mar–May,#biology
144,Swarm prevention starts before cups have jelly; inspect on a 7–9 day cadence when build-up accelerates. A small tweak in timing here usually means fewer interventions later.,Colony Management,Spring,Ireland/Europe,DAFM. (2024). Bee Health & Biosecurity Advice.,CC-BY 4.0,Mar–May,#swarm
145,Early spring honeys are often lighter; moisture control can be tricky in damp spells. Clean kit and consistent temperatures do most of the heavy lifting.,Products & Processing,Spring,Ireland/Europe,EFSA. (2022). Pollinator risk assessment overview.,CC-BY 4.0,Mar–May,#propolis
146,"Brood care is protein-hungry: nurse bees need pollen to make jelly, especially in spring. When protein dips, brood pattern suffers before you notice stores falling.",Bee Biology & Behaviour,Spring,Ireland/Europe,DAFM. (2024). Bee Health & Biosecurity Advice.,CC-BY 4.0,Mar–May,#pheromones
147,"Mating success depends on warm, calm afternoons and ample drones. Line-breeding without records just randomises outcomes with a pedigree label.",Queen Rearing & Genetics,Spring,Ireland/Europe,BBKA. (2021). Notes for Beekeepers.,CC-BY 4.0,Mar–May,#breeding
148,"Mating success depends on warm, calm afternoons and ample drones. Line-breeding without records just randomises outcomes with a pedigree label.",Queen Rearing & Genetics,Spring,Ireland/Europe,DAFM. (2024). Bee Health & Biosecurity Advice.,CC-BY 4.0,Mar–May,#mating
149,"Mating success depends on warm, calm afternoons and ample drones. Line-breeding without records just randomises outcomes with a pedigree label.",Queen Rearing & Genetics,Spring,Ireland/Europe,Met Éireann. (2024). Irish climatology & phenology.,CC-BY 4.0,Mar–May,#mating
150,"Moveable-frame hives revolutionised husbandry; most modern kit is refinement, not reinvention. Local practice still bends to weather and forage more than to fashion.",History & Culture,Spring,Ireland/Europe,DAFM. (2024). Bee Health & Biosecurity Advice.,CC-BY 4.0,Mar–May,#tradition
151,"Gorse often anchors spring forage in Ireland. Weather rules nectar: cool, wet spells can slash yields even when hedgerows look busy.",Floral & Environmental,Spring,Ireland/Europe,Met Éireann. (2024). Irish climatology & phenology.,CC-BY 4.0,Mar–May,#microclimate
152,"Gorse often anchors spring forage in Ireland. Weather rules nectar: cool, wet spells can slash yields even when hedgerows look busy.",Floral & Environmental,Spring,Ireland/Europe,EFSA. (2022). Pollinator risk assessment overview.,CC-BY 4.0,Mar–May,#phenology
153,Young nurse bees drive jelly production; protein intake now sets colony trajectory. Simple records and a steady routine will beat gadgets and guesswork.,Sustainability & Science,Spring,Ireland/Europe,FAO. (2018). Good beekeeping practices.,CC-BY 4.0,Mar–May,#science
154,Balance brood and space to avoid congestion that triggers queen cells. A small tweak in timing here usually means fewer interventions later.,Colony Management,Spring,Ireland/Europe,Met Éireann. (2024). Irish climatology & phenology.,CC-BY 4.0,Mar–May,#swarm
155,"Mating success depends on warm, calm afternoons and ample drones. Line-breeding without records just randomises outcomes with a pedigree label.",Queen Rearing & Genetics,Spring,Ireland/Europe,DAFM. (2024). Bee Health & Biosecurity Advice.,CC-BY 4.0,Mar–May,#genetics
156,"Hawthorn often anchors spring forage in Ireland. Weather rules nectar: cool, wet spells can slash yields even when hedgerows look busy.",Floral & Environmental,Spring,Ireland/Europe,Met Éireann. (2024). Irish climatology & phenology.,CC-BY 4.0,Mar–May,#phenology
157,Local ‘straight lines to home’ folklore simplifies reality—orientation loops and drift are normal. Local practice still bends to weather and forage more than to fashion.,History & Culture,Spring,Ireland/Europe,COLOSS. (2023). Honey bee health guidance.,CC-BY 4.0,Mar–May,#culture
158,Brood nest temperature regulation around 34–35°C underpins healthy development. Simple records and a steady routine will beat gadgets and guesswork.,Sustainability & Science,Spring,Ireland/Europe,EFSA. (2022). Pollinator risk assessment overview.,CC-BY 4.0,Mar–May,#biosecurity
159,Irish heather honey has a long-standing reputation; terroir matters as much as technique. Local practice still bends to weather and forage more than to fashion.,History & Culture,Spring,Ireland/Europe,DAFM. (2024). Bee Health & Biosecurity Advice.,CC-BY 4.0,Mar–May,#culture
160,Swarm prevention starts before cups have jelly; inspect on a 7–9 day cadence when build-up accelerates. A small tweak in timing here usually means fewer interventions later.,Colony Management,Spring,Ireland/Europe,BBKA. (2021). Notes for Beekeepers.,CC-BY 4.0,Mar–May,#management
161,"Dandelion often anchors spring forage in Ireland. Weather rules nectar: cool, wet spells can slash yields even when hedgerows look busy.",Floral & Environmental,Spring,Ireland/Europe,FAO. (2018). Good beekeeping practices.,CC-BY 4.0,Mar–May,#weather
162,Early spring honeys are often lighter; moisture control can be tricky in damp spells. Clean kit and consistent temperatures do most of the heavy lifting.,Products & Processing,Spring,Ireland/Europe,BBKA. (2021). Notes for Beekeepers.,CC-BY 4.0,Mar–May,#wax
163,"Brood care is protein-hungry: nurse bees need pollen to make jelly, especially in spring. When protein dips, brood pattern suffers before you notice stores falling.",Bee Biology & Behaviour,Spring,Ireland/Europe,DAFM. (2024). Bee Health & Biosecurity Advice.,CC-BY 4.0,Mar–May,#biology
164,"Brood care is protein-hungry: nurse bees need pollen to make jelly, especially in spring. When protein dips, brood pattern suffers before you notice stores falling.",Bee Biology & Behaviour,Spring,Ireland/Europe,BBKA. (2021). Notes for Beekeepers.,CC-BY 4.0,Mar–May,#behaviour
165,Balance brood and space to avoid congestion that triggers queen cells. A small tweak in timing here usually means fewer interventions later.,Colony Management,Spring,Ireland/Europe,COLOSS. (2023). Honey bee health guidance.,CC-BY 4.0,Mar–May,#feeding
166,"Brood care is protein-hungry: nurse bees need pollen to make jelly, especially in spring. When protein dips, brood pattern suffers before you notice stores falling.",Bee Biology & Behaviour,Spring,Ireland/Europe,Met Éireann. (2024). Irish climatology & phenology.,CC-BY 4.0,Mar–May,#lifespan
167,Build colonies on early pollen; weak starts rarely catch peak flows. A small tweak in timing here usually means fewer interventions later.,Colony Management,Spring,Ireland/Europe,FAO. (2018). Good beekeeping practices.,CC-BY 4.0,Mar–May,#varroa
168,Early spring honeys are often lighter; moisture control can be tricky in damp spells. Clean kit and consistent temperatures do most of the heavy lifting.,Products & Processing,Spring,Ireland/Europe,DAFM. (2024). Bee Health & Biosecurity Advice.,CC-BY 4.0,Mar–May,#honey
169,Early spring honeys are often lighter; moisture control can be tricky in damp spells. Clean kit and consistent temperatures do most of the heavy lifting.,Products & Processing,Spring,Ireland/Europe,EFSA. (2022). Pollinator risk assessment overview.,CC-BY 4.0,Mar–May,#propolis
170,"Mating success depends on warm, calm afternoons and ample drones. Line-breeding without records just randomises outcomes with a pedigree label.",Queen Rearing & Genetics,Spring,Ireland/Europe,COLOSS. (2023). Honey bee health guidance.,CC-BY 4.0,Mar–May,#breeding
171,Brood nest temperature regulation around 34–35°C underpins healthy development. Simple records and a steady routine will beat gadgets and guesswork.,Sustainability & Science,Spring,Ireland/Europe,BBKA. (2021). Notes for Beekeepers.,CC-BY 4.0,Mar–May,#climate
172,"Sycamore often anchors spring forage in Ireland. Weather rules nectar: cool, wet spells can slash yields even when hedgerows look busy.",Floral & Environmental,Spring,Ireland/Europe,COLOSS. (2023). Honey bee health guidance.,CC-BY 4.0,Mar–May,#microclimate
173,Brood nest temperature regulation around 34–35°C underpins healthy development. Simple records and a steady routine will beat gadgets and guesswork.,Sustainability & Science,Spring,Ireland/Europe,EFSA. (2022). Pollinator risk assessment overview.,CC-BY 4.0,Mar–May,#climate
174,Swarm prevention starts before cups have jelly; inspect on a 7–9 day cadence when build-up accelerates. A small tweak in timing here usually means fewer interventions later.,Colony Management,Spring,Ireland/Europe,Met Éireann. (2024). Irish climatology & phenology.,CC-BY 4.0,Mar–May,#feeding
175,"Sycamore often anchors spring forage in Ireland. Weather rules nectar: cool, wet spells can slash yields even when hedgerows look busy.",Floral & Environmental,Spring,Ireland/Europe,NBDC Ireland. (2023). Biodiversity records.,CC-BY 4.0,Mar–May,#phenology
176,"Mating success depends on warm, calm afternoons and ample drones. Line-breeding without records just randomises outcomes with a pedigree label.",Queen Rearing & Genetics,Spring,Ireland/Europe,Met Éireann. (2024). Irish climatology & phenology.,CC-BY 4.0,Mar–May,#queen
177,Young nurse bees drive jelly production; protein intake now sets colony trajectory. Simple records and a steady routine will beat gadgets and guesswork.,Sustainability & Science,Spring,Ireland/Europe,DAFM. (2024). Bee Health & Biosecurity Advice.,CC-BY 4.0,Mar–May,#science
178,Swarm prevention starts before cups have jelly; inspect on a 7–9 day cadence when build-up accelerates. A small tweak in timing here usually means fewer interventions later.,Colony Management,Spring,Ireland/Europe,COLOSS. (2023). Honey bee health guidance.,CC-BY 4.0,Mar–May,#feeding
179,Early spring honeys are often lighter; moisture control can be tricky in damp spells. Clean kit and consistent temperatures do most of the heavy lifting.,Products & Processing,Spring,Ireland/Europe,BBKA. (2021). Notes for Beekeepers.,CC-BY 4.0,Mar–May,#honey
180,Swarm prevention starts before cups have jelly; inspect on a 7–9 day cadence when build-up accelerates. A small tweak in timing here usually means fewer interventions later.,Colony Management,Spring,Ireland/Europe,EFSA. (2022). Pollinator risk assessment overview.,CC-BY 4.0,Mar–May,#management
181,Build colonies on early pollen; weak starts rarely catch peak flows. A small tweak in timing here usually means fewer interventions later.,Colony Management,Spring,Ireland/Europe,DAFM. (2024). Bee Health & Biosecurity Advice.,CC-BY 4.0,Mar–May,#management
182,"Moveable-frame hives revolutionised husbandry; most modern kit is refinement, not reinvention. Local practice still bends to weather and forage more than to fashion.",History & Culture,Spring,Ireland/Europe,DAFM. (2024). Bee Health & Biosecurity Advice.,CC-BY 4.0,Mar–May,#history
183,"Brood care is protein-hungry: nurse bees need pollen to make jelly, especially in spring. When protein dips, brood pattern suffers before you notice stores falling.",Bee Biology & Behaviour,Spring,Ireland/Europe,EFSA. (2022). Pollinator risk assessment overview.,CC-BY 4.0,Mar–May,#biology
184,Guilds and associations once settled swarm disputes; today they train and advocate. Local practice still bends to weather and forage more than to fashion.,History & Culture,Spring,Ireland/Europe,Met Éireann. (2024). Irish climatology & phenology.,CC-BY 4.0,Mar–May,#tradition
185,Early spring honeys are often lighter; moisture control can be tricky in damp spells. Clean kit and consistent temperatures do most of the heavy lifting.,Products & Processing,Spring,Ireland/Europe,DAFM. (2024). Bee Health & Biosecurity Advice.,CC-BY 4.0,Mar–May,#honey
186,"Mating success depends on warm, calm afternoons and ample drones. Line-breeding without records just randomises outcomes with a pedigree label.",Queen Rearing & Genetics,Spring,Ireland/Europe,EFSA. (2022). Pollinator risk assessment overview.,CC-BY 4.0,Mar–May,#breeding
187,"Brood care is protein-hungry: nurse bees need pollen to make jelly, especially in spring. When protein dips, brood pattern suffers before you notice stores falling.",Bee Biology & Behaviour,Spring,Ireland/Europe,BBKA. (2021). Notes for Beekeepers.,CC-BY 4.0,Mar–May,#lifespan
188,"Brood care is protein-hungry: nurse bees need pollen to make jelly, especially in spring. When protein dips, brood pattern suffers before you notice stores falling.",Bee Biology & Behaviour,Spring,Ireland/Europe,DAFM. (2024). Bee Health & Biosecurity Advice.,CC-BY 4.0,Mar–May,#behaviour
189,Young nurse bees drive jelly production; protein intake now sets colony trajectory. Simple records and a steady routine will beat gadgets and guesswork.,Sustainability & Science,Spring,Ireland/Europe,EFSA. (2022). Pollinator risk assessment overview.,CC-BY 4.0,Mar–May,#climate
190,Young nurse bees drive jelly production; protein intake now sets colony trajectory. Simple records and a steady routine will beat gadgets and guesswork.,Sustainability & Science,Spring,Ireland/Europe,Met Éireann. (2024). Irish climatology & phenology.,CC-BY 4.0,Mar–May,#sustainability
191,"Sycamore often anchors spring forage in Ireland. Weather rules nectar: cool, wet spells can slash yields even when hedgerows look busy.",Floral & Environmental,Spring,Ireland/Europe,COLOSS. (2023). Honey bee health guidance.,CC-BY 4.0,Mar–May,#weather
192,"Brood care is protein-hungry: nurse bees need pollen to make jelly, especially in spring. When protein dips, brood pattern suffers before you notice stores falling.",Bee Biology & Behaviour,Spring,Ireland/Europe,COLOSS. (2023). Honey bee health guidance.,CC-BY 4.0,Mar–May,#biology
193,Balance brood and space to avoid congestion that triggers queen cells. A small tweak in timing here usually means fewer interventions later.,Colony Management,Spring,Ireland/Europe,Met Éireann. (2024). Irish climatology & phenology.,CC-BY 4.0,Mar–May,#feeding
194,Brood nest temperature regulation around 34–35°C underpins healthy development. Simple records and a steady routine will beat gadgets and guesswork.,Sustainability & Science,Spring,Ireland/Europe,BBKA. (2021). Notes for Beekeepers.,CC-BY 4.0,Mar–May,#climate
195,"Mating success depends on warm, calm afternoons and ample drones. Line-breeding without records just randomises outcomes with a pedigree label.",Queen Rearing & Genetics,Spring,Ireland/Europe,DAFM. (2024). Bee Health & Biosecurity Advice.,CC-BY 4.0,Mar–May,#breeding
196,Balance brood and space to avoid congestion that triggers queen cells. A small tweak in timing here usually means fewer interventions later.,Colony Management,Spring,Ireland/Europe,NBDC Ireland. (2023). Biodiversity records.,CC-BY 4.0,Mar–May,#varroa
197,Early spring honeys are often lighter; moisture control can be tricky in damp spells. Clean kit and consistent temperatures do most of the heavy lifting.,Products & Processing,Spring,Ireland/Europe,EFSA. (2022). Pollinator risk assessment overview.,CC-BY 4.0,Mar–May,#processing
198,Early spring honeys are often lighter; moisture control can be tricky in damp spells. Clean kit and consistent temperatures do most of the heavy lifting.,Products & Processing,Spring,Ireland/Europe,DAFM. (2024). Bee Health & Biosecurity Advice.,CC-BY 4.0,Mar–May,#propolis
199,"Fruit Blossom often anchors spring forage in Ireland. Weather rules nectar: cool, wet spells can slash yields even when hedgerows look busy.",Floral & Environmental,Spring,Ireland/Europe,COLOSS. (2023). Honey bee health guidance.,CC-BY 4.0,Mar–May,#microclimate
200,Balance brood and space to avoid congestion that triggers queen cells. A small tweak in timing here usually means fewer interventions later.,Colony Management,Spring,Ireland/Europe,COLOSS. (2023). Honey bee health guidance.,CC-BY 4.0,Mar–May,#management
201,Irish heather honey has a long-standing reputation; terroir matters as much as technique. Local practice still bends to weather and forage more than to fashion.,History & Culture,Spring,Ireland/Europe,COLOSS. (2023). Honey bee health guidance.,CC-BY 4.0,Mar–May,#tradition
202,Balance brood and space to avoid congestion that triggers queen cells. A small tweak in timing here usually means fewer interventions later.,Colony Management,Spring,Ireland/Europe,NBDC Ireland. (2023). Biodiversity records.,CC-BY 4.0,Mar–May,#feeding
203,"Fruit Blossom often anchors spring forage in Ireland. Weather rules nectar: cool, wet spells can slash yields even when hedgerows look busy.",Floral & Environmental,Spring,Ireland/Europe,Original content,CC-BY 4.0,Mar–May,#weather
204,"Dandelion often anchors spring forage in Ireland. Weather rules nectar: cool, wet spells can slash yields even when hedgerows look busy.",Floral & Environmental,Spring,Ireland/Europe,NBDC Ireland. (2023). Biodiversity records.,CC-BY 4.0,Mar–May,#microclimate
205,"Mating success depends on warm, calm afternoons and ample drones. Line-breeding without records just randomises outcomes with a pedigree label.",Queen Rearing & Genetics,Spring,Ireland/Europe,EFSA. (2022). Pollinator risk assessment overview.,CC-BY 4.0,Mar–May,#queen
206,"Fruit Blossom often anchors spring forage in Ireland. Weather rules nectar: cool, wet spells can slash yields even when hedgerows look busy.",Floral & Environmental,Spring,Ireland/Europe,Original content,CC-BY 4.0,Mar–May,#forage
207,Heat and humidity make extraction rooms work harder—aim for dry cappings before you pull. A small tweak in timing here usually means fewer interventions later.,Colony Management,Summer,Ireland/Europe,COLOSS. (2023). Honey bee health guidance.,CC-BY 4.0,Jun–Aug,#management
208,Foraging efficiency benefits from floral constancy—bees work one source per trip when it pays. Simple records and a steady routine will beat gadgets and guesswork.,Sustainability & Science,Summer,Ireland/Europe,EFSA. (2022). Pollinator risk assessment overview.,CC-BY 4.0,Jun–Aug,#climate
209,Creamed honey needs a fine seed and a steady cool set for small crystals. Clean kit and consistent temperatures do most of the heavy lifting.,Products & Processing,Summer,Ireland/Europe,COLOSS. (2023). Honey bee health guidance.,CC-BY 4.0,Jun–Aug,#wax
210,"Brood care is protein-hungry: nurse bees need pollen to make jelly, especially in summer. When protein dips, brood pattern suffers before you notice stores falling.",Bee Biology & Behaviour,Summer,Ireland/Europe,Met Éireann. (2024). Irish climatology & phenology.,CC-BY 4.0,Jun–Aug,#behaviour
211,"Mating success depends on warm, calm afternoons and ample drones. Line-breeding without records just randomises outcomes with a pedigree label.",Queen Rearing & Genetics,Summer,Ireland/Europe,COLOSS. (2023). Honey bee health guidance.,CC-BY 4.0,Jun–Aug,#queen
212,"Raspberry often anchors summer forage in Ireland. Weather rules nectar: cool, wet spells can slash yields even when hedgerows look busy.",Floral & Environmental,Summer,Ireland/Europe,Original content,CC-BY 4.0,Jun–Aug,#microclimate
213,Super early and often during strong flows to prevent honey-bound brood nests. A small tweak in timing here usually means fewer interventions later.,Colony Management,Summer,Ireland/Europe,FAO. (2018). Good beekeeping practices.,CC-BY 4.0,Jun–Aug,#management
214,"Bramble often anchors summer forage in Ireland. Weather rules nectar: cool, wet spells can slash yields even when hedgerows look busy.",Floral & Environmental,Summer,Ireland/Europe,DAFM. (2024). Bee Health & Biosecurity Advice.,CC-BY 4.0,Jun–Aug,#microclimate
215,"Mating success depends on warm, calm afternoons and ample drones. Line-breeding without records just randomises outcomes with a pedigree label.",Queen Rearing & Genetics,Summer,Ireland/Europe,BBKA. (2021). Notes for Beekeepers.,CC-BY 4.0,Jun–Aug,#genetics
216,Foraging efficiency benefits from floral constancy—bees work one source per trip when it pays. Simple records and a steady routine will beat gadgets and guesswork.,Sustainability & Science,Summer,Ireland/Europe,Met Éireann. (2024). Irish climatology & phenology.,CC-BY 4.0,Jun–Aug,#sustainability
217,"Brood care is protein-hungry: nurse bees need pollen to make jelly, especially in summer. When protein dips, brood pattern suffers before you notice stores falling.",Bee Biology & Behaviour,Summer,Ireland/Europe,Met Éireann. (2024). Irish climatology & phenology.,CC-BY 4.0,Jun–Aug,#behaviour
218,OSR sets fast; extract promptly or be ready to re-liquefy combs humanely. Clean kit and consistent temperatures do most of the heavy lifting.,Products & Processing,Summer,Ireland/Europe,COLOSS. (2023). Honey bee health guidance.,CC-BY 4.0,Jun–Aug,#wax
219,Foraging efficiency benefits from floral constancy—bees work one source per trip when it pays. Simple records and a steady routine will beat gadgets and guesswork.,Sustainability & Science,Summer,Ireland/Europe,Met Éireann. (2024). Irish climatology & phenology.,CC-BY 4.0,Jun–Aug,#biosecurity
220,Creamed honey needs a fine seed and a steady cool set for small crystals. Clean kit and consistent temperatures do most of the heavy lifting.,Products & Processing,Summer,Ireland/Europe,NBDC Ireland. (2023). Biodiversity records.,CC-BY 4.0,Jun–Aug,#wax
221,"Brood care is protein-hungry: nurse bees need pollen to make jelly, especially in summer. When protein dips, brood pattern suffers before you notice stores falling.",Bee Biology & Behaviour,Summer,Ireland/Europe,BBKA. (2021). Notes for Beekeepers.,CC-BY 4.0,Jun–Aug,#biology
222,"Brood care is protein-hungry: nurse bees need pollen to make jelly, especially in summer. When protein dips, brood pattern suffers before you notice stores falling.",Bee Biology & Behaviour,Summer,Ireland/Europe,EFSA. (2022). Pollinator risk assessment overview.,CC-BY 4.0,Jun–Aug,#pheromones
223,UV patterns on petals guide nectar access; overcast days degrade navigation. Simple records and a steady routine will beat gadgets and guesswork.,Sustainability & Science,Summer,Ireland/Europe,EFSA. (2022). Pollinator risk assessment overview.,CC-BY 4.0,Jun–Aug,#sustainability
224,"Bramble often anchors summer forage in Ireland. Weather rules nectar: cool, wet spells can slash yields even when hedgerows look busy.",Floral & Environmental,Summer,Ireland/Europe,DAFM. (2024). Bee Health & Biosecurity Advice.,CC-BY 4.0,Jun–Aug,#microclimate
225,Guilds and associations once settled swarm disputes; today they train and advocate. Local practice still bends to weather and forage more than to fashion.,History & Culture,Summer,Ireland/Europe,Original content,CC-BY 4.0,Jun–Aug,#tradition
226,"Moveable-frame hives revolutionised husbandry; most modern kit is refinement, not reinvention. Local practice still bends to weather and forage more than to fashion.",History & Culture,Summer,Ireland/Europe,NBDC Ireland. (2023). Biodiversity records.,CC-BY 4.0,Jun–Aug,#history
227,Super early and often during strong flows to prevent honey-bound brood nests. A small tweak in timing here usually means fewer interventions later.,Colony Management,Summer,Ireland/Europe,COLOSS. (2023). Honey bee health guidance.,CC-BY 4.0,Jun–Aug,#management
228,Creamed honey needs a fine seed and a steady cool set for small crystals. Clean kit and consistent temperatures do most of the heavy lifting.,Products & Processing,Summer,Ireland/Europe,Met Éireann. (2024). Irish climatology & phenology.,CC-BY 4.0,Jun–Aug,#processing
229,"Raspberry often anchors summer forage in Ireland. Weather rules nectar: cool, wet spells can slash yields even when hedgerows look busy.",Floral & Environmental,Summer,Ireland/Europe,EFSA. (2022). Pollinator risk assessment overview.,CC-BY 4.0,Jun–Aug,#weather
230,"Raspberry often anchors summer forage in Ireland. Weather rules nectar: cool, wet spells can slash yields even when hedgerows look busy.",Floral & Environmental,Summer,Ireland/Europe,DAFM. (2024). Bee Health & Biosecurity Advice.,CC-BY 4.0,Jun–Aug,#forage
231,"Mating success depends on warm, calm afternoons and ample drones. Line-breeding without records just randomises outcomes with a pedigree label.",Queen Rearing & Genetics,Summer,Ireland/Europe,BBKA. (2021). Notes for Beekeepers.,CC-BY 4.0,Jun–Aug,#mating
232,Heat and humidity make extraction rooms work harder—aim for dry cappings before you pull. A small tweak in timing here usually means fewer interventions later.,Colony Management,Summer,Ireland/Europe,COLOSS. (2023). Honey bee health guidance.,CC-BY 4.0,Jun–Aug,#feeding
233,"Mating success depends on warm, calm afternoons and ample drones. Line-breeding without records just randomises outcomes with a pedigree label.",Queen Rearing & Genetics,Summer,Ireland/Europe,NBDC Ireland. (2023). Biodiversity records.,CC-BY 4.0,Jun–Aug,#genetics
234,OSR sets fast; extract promptly or be ready to re-liquefy combs humanely. Clean kit and consistent temperatures do most of the heavy lifting.,Products & Processing,Summer,Ireland/Europe,Met Éireann. (2024). Irish climatology & phenology.,CC-BY 4.0,Jun–Aug,#processing
235,Check brood pattern after flows; a big crop can hide a failing queen. A small tweak in timing here usually means fewer interventions later.,Colony Management,Summer,Ireland/Europe,NBDC Ireland. (2023). Biodiversity records.,CC-BY 4.0,Jun–Aug,#feeding
236,Local ‘straight lines to home’ folklore simplifies reality—orientation loops and drift are normal. Local practice still bends to weather and forage more than to fashion.,History & Culture,Summer,Ireland/Europe,Original content,CC-BY 4.0,Jun–Aug,#history
237,Check brood pattern after flows; a big crop can hide a failing queen. A small tweak in timing here usually means fewer interventions later.,Colony Management,Summer,Ireland/Europe,DAFM. (2024). Bee Health & Biosecurity Advice.,CC-BY 4.0,Jun–Aug,#swarm
238,Check brood pattern after flows; a big crop can hide a failing queen. A small tweak in timing here usually means fewer interventions later.,Colony Management,Summer,Ireland/Europe,DAFM. (2024). Bee Health & Biosecurity Advice.,CC-BY 4.0,Jun–Aug,#management
239,Local ‘straight lines to home’ folklore simplifies reality—orientation loops and drift are normal. Local practice still bends to weather and forage more than to fashion.,History & Culture,Summer,Ireland/Europe,Original content,CC-BY 4.0,Jun–Aug,#culture
240,"Brood care is protein-hungry: nurse bees need pollen to make jelly, especially in summer. When protein dips, brood pattern suffers before you notice stores falling.",Bee Biology & Behaviour,Summer,Ireland/Europe,DAFM. (2024). Bee Health & Biosecurity Advice.,CC-BY 4.0,Jun–Aug,#lifespan
241,Creamed honey needs a fine seed and a steady cool set for small crystals. Clean kit and consistent temperatures do most of the heavy lifting.,Products & Processing,Summer,Ireland/Europe,BBKA. (2021). Notes for Beekeepers.,CC-BY 4.0,Jun–Aug,#wax
242,"Wildflower Meadows often anchors summer forage in Ireland. Weather rules nectar: cool, wet spells can slash yields even when hedgerows look busy.",Floral & Environmental,Summer,Ireland/Europe,DAFM. (2024). Bee Health & Biosecurity Advice.,CC-BY 4.0,Jun–Aug,#forage
243,Foraging efficiency benefits from floral constancy—bees work one source per trip when it pays. Simple records and a steady routine will beat gadgets and guesswork.,Sustainability & Science,Summer,Ireland/Europe,DAFM. (2024). Bee Health & Biosecurity Advice.,CC-BY 4.0,Jun–Aug,#science
244,"Mating success depends on warm, calm afternoons and ample drones. Line-breeding without records just randomises outcomes with a pedigree label.",Queen Rearing & Genetics,Summer,Ireland/Europe,COLOSS. (2023). Honey bee health guidance.,CC-BY 4.0,Jun–Aug,#breeding
245,"Brood care is protein-hungry: nurse bees need pollen to make jelly, especially in summer. When protein dips, brood pattern suffers before you notice stores falling.",Bee Biology & Behaviour,Summer,Ireland/Europe,EFSA. (2022). Pollinator risk assessment overview.,CC-BY 4.0,Jun–Aug,#lifespan
246,Foraging efficiency benefits from floral constancy—bees work one source per trip when it pays. Simple records and a steady routine will beat gadgets and guesswork.,Sustainability & Science,Summer,Ireland/Europe,EFSA. (2022). Pollinator risk assessment overview.,CC-BY 4.0,Jun–Aug,#climate
247,"Moveable-frame hives revolutionised husbandry; most modern kit is refinement, not reinvention. Local practice still bends to weather and forage more than to fashion.",History & Culture,Summer,Ireland/Europe,Original content,CC-BY 4.0,Jun–Aug,#history
248,Foraging efficiency benefits from floral constancy—bees work one source per trip when it pays. Simple records and a steady routine will beat gadgets and guesswork.,Sustainability & Science,Summer,Ireland/Europe,Original content,CC-BY 4.0,Jun–Aug,#climate
249,"Fuchsia (West) often anchors summer forage in Ireland. Weather rules nectar: cool, wet spells can slash yields even when hedgerows look busy.",Floral & Environmental,Summer,Ireland/Europe,Met Éireann. (2024). Irish climatology & phenology.,CC-BY 4.0,Jun–Aug,#microclimate
250,OSR sets fast; extract promptly or be ready to re-liquefy combs humanely. Clean kit and consistent temperatures do most of the heavy lifting.,Products & Processing,Summer,Ireland/Europe,NBDC Ireland. (2023). Biodiversity records.,CC-BY 4.0,Jun–Aug,#honey
251,"Wildflower Meadows often anchors summer forage in Ireland. Weather rules nectar: cool, wet spells can slash yields even when hedgerows look busy.",Floral & Environmental,Summer,Ireland/Europe,FAO. (2018). Good beekeeping practices.,CC-BY 4.0,Jun–Aug,#microclimate
252,"Raspberry often anchors summer forage in Ireland. Weather rules nectar: cool, wet spells can slash yields even when hedgerows look busy.",Floral & Environmental,Summer,Ireland/Europe,BBKA. (2021). Notes for Beekeepers.,CC-BY 4.0,Jun–Aug,#weather
253,UV patterns on petals guide nectar access; overcast days degrade navigation. Simple records and a steady routine will beat gadgets and guesswork.,Sustainability & Science,Summer,Ireland/Europe,EFSA. (2022). Pollinator risk assessment overview.,CC-BY 4.0,Jun–Aug,#biosecurity
254,Super early and often during strong flows to prevent honey-bound brood nests. A small tweak in timing here usually means fewer interventions later.,Colony Management,Summer,Ireland/Europe,BBKA. (2021). Notes for Beekeepers.,CC-BY 4.0,Jun–Aug,#swarm
255,"Mating success depends on warm, calm afternoons and ample drones. Line-breeding without records just randomises outcomes with a pedigree label.",Queen Rearing & Genetics,Summer,Ireland/Europe,COLOSS. (2023). Honey bee health guidance.,CC-BY 4.0,Jun–Aug,#mating
256,"Mating success depends on warm, calm afternoons and ample drones. Line-breeding without records just randomises outcomes with a pedigree label.",Queen Rearing & Genetics,Summer,Ireland/Europe,FAO. (2018). Good beekeeping practices.,CC-BY 4.0,Jun–Aug,#genetics
257,Super early and often during strong flows to prevent honey-bound brood nests. A small tweak in timing here usually means fewer interventions later.,Colony Management,Summer,Ireland/Europe,EFSA. (2022). Pollinator risk assessment overview.,CC-BY 4.0,Jun–Aug,#management
258,"Mating success depends on warm, calm afternoons and ample drones. Line-breeding without records just randomises outcomes with a pedigree label.",Queen Rearing & Genetics,Summer,Ireland/Europe,EFSA. (2022). Pollinator risk assessment overview.,CC-BY 4.0,Jun–Aug,#breeding
259,Local ‘straight lines to home’ folklore simplifies reality—orientation loops and drift are normal. Local practice still bends to weather and forage more than to fashion.,History & Culture,Summer,Ireland/Europe,DAFM. (2024). Bee Health & Biosecurity Advice.,CC-BY 4.0,Jun–Aug,#history
260,Check brood pattern after flows; a big crop can hide a failing queen. A small tweak in timing here usually means fewer interventions later.,Colony Management,Summer,Ireland/Europe,EFSA. (2022). Pollinator risk assessment overview.,CC-BY 4.0,Jun–Aug,#swarm
261,"Bramble often anchors summer forage in Ireland. Weather rules nectar: cool, wet spells can slash yields even when hedgerows look busy.",Floral & Environmental,Summer,Ireland/Europe,NBDC Ireland. (2023). Biodiversity records.,CC-BY 4.0,Jun–Aug,#phenology
262,"Raspberry often anchors summer forage in Ireland. Weather rules nectar: cool, wet spells can slash yields even when hedgerows look busy.",Floral & Environmental,Summer,Ireland/Europe,NBDC Ireland. (2023). Biodiversity records.,CC-BY 4.0,Jun–Aug,#weather
263,"White Clover often anchors summer forage in Ireland. Weather rules nectar: cool, wet spells can slash yields even when hedgerows look busy.",Floral & Environmental,Summer,Ireland/Europe,COLOSS. (2023). Honey bee health guidance.,CC-BY 4.0,Jun–Aug,#weather
264,Check brood pattern after flows; a big crop can hide a failing queen. A small tweak in timing here usually means fewer interventions later.,Colony Management,Summer,Ireland/Europe,DAFM. (2024). Bee Health & Biosecurity Advice.,CC-BY 4.0,Jun–Aug,#swarm
265,"Mating success depends on warm, calm afternoons and ample drones. Line-breeding without records just randomises outcomes with a pedigree label.",Queen Rearing & Genetics,Summer,Ireland/Europe,Original content,CC-BY 4.0,Jun–Aug,#queen
266,Creamed honey needs a fine seed and a steady cool set for small crystals. Clean kit and consistent temperatures do most of the heavy lifting.,Products & Processing,Summer,Ireland/Europe,COLOSS. (2023). Honey bee health guidance.,CC-BY 4.0,Jun–Aug,#propolis
267,"Bramble often anchors summer forage in Ireland. Weather rules nectar: cool, wet spells can slash yields even when hedgerows look busy.",Floral & Environmental,Summer,Ireland/Europe,COLOSS. (2023). Honey bee health guidance.,CC-BY 4.0,Jun–Aug,#weather
268,OSR sets fast; extract promptly or be ready to re-liquefy combs humanely. Clean kit and consistent temperatures do most of the heavy lifting.,Products & Processing,Summer,Ireland/Europe,BBKA. (2021). Notes for Beekeepers.,CC-BY 4.0,Jun–Aug,#processing
269,OSR sets fast; extract promptly or be ready to re-liquefy combs humanely. Clean kit and consistent temperatures do most of the heavy lifting.,Products & Processing,Summer,Ireland/Europe,COLOSS. (2023). Honey bee health guidance.,CC-BY 4.0,Jun–Aug,#honey
270,"Wildflower Meadows often anchors summer forage in Ireland. Weather rules nectar: cool, wet spells can slash yields even when hedgerows look busy.",Floral & Environmental,Summer,Ireland/Europe,Original content,CC-BY 4.0,Jun–Aug,#forage
271,Check brood pattern after flows; a big crop can hide a failing queen. A small tweak in timing here usually means fewer interventions later.,Colony Management,Summer,Ireland/Europe,NBDC Ireland. (2023). Biodiversity records.,CC-BY 4.0,Jun–Aug,#feeding
272,"Moveable-frame hives revolutionised husbandry; most modern kit is refinement, not reinvention. Local practice still bends to weather and forage more than to fashion.",History & Culture,Summer,Ireland/Europe,DAFM. (2024). Bee Health & Biosecurity Advice.,CC-BY 4.0,Jun–Aug,#tradition
273,Heat and humidity make extraction rooms work harder—aim for dry cappings before you pull. A small tweak in timing here usually means fewer interventions later.,Colony Management,Summer,Ireland/Europe,DAFM. (2024). Bee Health & Biosecurity Advice.,CC-BY 4.0,Jun–Aug,#management
274,"Fuchsia (West) often anchors summer forage in Ireland. Weather rules nectar: cool, wet spells can slash yields even when hedgerows look busy.",Floral & Environmental,Summer,Ireland/Europe,BBKA. (2021). Notes for Beekeepers.,CC-BY 4.0,Jun–Aug,#forage
275,Local ‘straight lines to home’ folklore simplifies reality—orientation loops and drift are normal. Local practice still bends to weather and forage more than to fashion.,History & Culture,Summer,Ireland/Europe,DAFM. (2024). Bee Health & Biosecurity Advice.,CC-BY 4.0,Jun–Aug,#history
276,Check brood pattern after flows; a big crop can hide a failing queen. A small tweak in timing here usually means fewer interventions later.,Colony Management,Summer,Ireland/Europe,BBKA. (2021). Notes for Beekeepers.,CC-BY 4.0,Jun–Aug,#management
277,"Bramble often anchors summer forage in Ireland. Weather rules nectar: cool, wet spells can slash yields even when hedgerows look busy.",Floral & Environmental,Summer,Ireland/Europe,Met Éireann. (2024). Irish climatology & phenology.,CC-BY 4.0,Jun–Aug,#weather
278,Guilds and associations once settled swarm disputes; today they train and advocate. Local practice still bends to weather and forage more than to fashion.,History & Culture,Summer,Ireland/Europe,Met Éireann. (2024). Irish climatology & phenology.,CC-BY 4.0,Jun–Aug,#tradition
279,Heat and humidity make extraction rooms work harder—aim for dry cappings before you pull. A small tweak in timing here usually means fewer interventions later.,Colony Management,Summer,Ireland/Europe,Met Éireann. (2024). Irish climatology & phenology.,CC-BY 4.0,Jun–Aug,#feeding
280,Super early and often during strong flows to prevent honey-bound brood nests. A small tweak in timing here usually means fewer interventions later.,Colony Management,Summer,Ireland/Europe,NBDC Ireland. (2023). Biodiversity records.,CC-BY 4.0,Jun–Aug,#feeding
281,"Bramble often anchors summer forage in Ireland. Weather rules nectar: cool, wet spells can slash yields even when hedgerows look busy.",Floral & Environmental,Summer,Ireland/Europe,COLOSS. (2023). Honey bee health guidance.,CC-BY 4.0,Jun–Aug,#phenology
282,"Brood care is protein-hungry: nurse bees need pollen to make jelly, especially in summer. When protein dips, brood pattern suffers before you notice stores falling.",Bee Biology & Behaviour,Summer,Ireland/Europe,Original content,CC-BY 4.0,Jun–Aug,#behaviour
283,"Raspberry often anchors summer forage in Ireland. Weather rules nectar: cool, wet spells can slash yields even when hedgerows look busy.",Floral & Environmental,Summer,Ireland/Europe,COLOSS. (2023). Honey bee health guidance.,CC-BY 4.0,Jun–Aug,#phenology
284,"Bramble often anchors summer forage in Ireland. Weather rules nectar: cool, wet spells can slash yields even when hedgerows look busy.",Floral & Environmental,Summer,Ireland/Europe,FAO. (2018). Good beekeeping practices.,CC-BY 4.0,Jun–Aug,#phenology
285,"Moveable-frame hives revolutionised husbandry; most modern kit is refinement, not reinvention. Local practice still bends to weather and forage more than to fashion.",History & Culture,Summer,Ireland/Europe,NBDC Ireland. (2023). Biodiversity records.,CC-BY 4.0,Jun–Aug,#tradition
286,"Mating success depends on warm, calm afternoons and ample drones. Line-breeding without records just randomises outcomes with a pedigree label.",Queen Rearing & Genetics,Summer,Ireland/Europe,COLOSS. (2023). Honey bee health guidance.,CC-BY 4.0,Jun–Aug,#queen
287,Foraging efficiency benefits from floral constancy—bees work one source per trip when it pays. Simple records and a steady routine will beat gadgets and guesswork.,Sustainability & Science,Summer,Ireland/Europe,DAFM. (2024). Bee Health & Biosecurity Advice.,CC-BY 4.0,Jun–Aug,#biosecurity
288,"Mating success depends on warm, calm afternoons and ample drones. Line-breeding without records just randomises outcomes with a pedigree label.",Queen Rearing & Genetics,Summer,Ireland/Europe,BBKA. (2021). Notes for Beekeepers.,CC-BY 4.0,Jun–Aug,#breeding
289,"Raspberry often anchors summer forage in Ireland. Weather rules nectar: cool, wet spells can slash yields even when hedgerows look busy.",Floral & Environmental,Summer,Ireland/Europe,NBDC Ireland. (2023). Biodiversity records.,CC-BY 4.0,Jun–Aug,#forage
290,"Mating success depends on warm, calm afternoons and ample drones. Line-breeding without records just randomises outcomes with a pedigree label.",Queen Rearing & Genetics,Summer,Ireland/Europe,COLOSS. (2023). Honey bee health guidance.,CC-BY 4.0,Jun–Aug,#breeding
291,Super early and often during strong flows to prevent honey-bound brood nests. A small tweak in timing here usually means fewer interventions later.,Colony Management,Summer,Ireland/Europe,EFSA. (2022). Pollinator risk assessment overview.,CC-BY 4.0,Jun–Aug,#feeding
292,Check brood pattern after flows; a big crop can hide a failing queen. A small tweak in timing here usually means fewer interventions later.,Colony Management,Summer,Ireland/Europe,Met Éireann. (2024). Irish climatology & phenology.,CC-BY 4.0,Jun–Aug,#varroa
293,"Mating success depends on warm, calm afternoons and ample drones. Line-breeding without records just randomises outcomes with a pedigree label.",Queen Rearing & Genetics,Summer,Ireland/Europe,Original content,CC-BY 4.0,Jun–Aug,#breeding
294,Guilds and associations once settled swarm disputes; today they train and advocate. Local practice still bends to weather and forage more than to fashion.,History & Culture,Summer,Ireland/Europe,DAFM. (2024). Bee Health & Biosecurity Advice.,CC-BY 4.0,Jun–Aug,#history
295,OSR sets fast; extract promptly or be ready to re-liquefy combs humanely. Clean kit and consistent temperatures do most of the heavy lifting.,Products & Processing,Summer,Ireland/Europe,Original content,CC-BY 4.0,Jun–Aug,#wax
296,Heat and humidity make extraction rooms work harder—aim for dry cappings before you pull. A small tweak in timing here usually means fewer interventions later.,Colony Management,Summer,Ireland/Europe,BBKA. (2021). Notes for Beekeepers.,CC-BY 4.0,Jun–Aug,#varroa
297,"Mating success depends on warm, calm afternoons and ample drones. Line-breeding without records just randomises outcomes with a pedigree label.",Queen Rearing & Genetics,Summer,Ireland/Europe,EFSA. (2022). Pollinator risk assessment overview.,CC-BY 4.0,Jun–Aug,#genetics
298,"Mating success depends on warm, calm afternoons and ample drones. Line-breeding without records just randomises outcomes with a pedigree label.",Queen Rearing & Genetics,Summer,Ireland/Europe,DAFM. (2024). Bee Health & Biosecurity Advice.,CC-BY 4.0,Jun–Aug,#breeding
299,Creamed honey needs a fine seed and a steady cool set for small crystals. Clean kit and consistent temperatures do most of the heavy lifting.,Products & Processing,Summer,Ireland/Europe,Met Éireann. (2024). Irish climatology & phenology.,CC-BY 4.0,Jun–Aug,#honey
300,"Bramble often anchors summer forage in Ireland. Weather rules nectar: cool, wet spells can slash yields even when hedgerows look busy.",Floral & Environmental,Summer,Ireland/Europe,Met Éireann. (2024). Irish climatology & phenology.,CC-BY 4.0,Jun–Aug,#microclimate
301,UV patterns on petals guide nectar access; overcast days degrade navigation. Simple records and a steady routine will beat gadgets and guesswork.,Sustainability & Science,Summer,Ireland/Europe,EFSA. (2022). Pollinator risk assessment overview.,CC-BY 4.0,Jun–Aug,#climate
302,Creamed honey needs a fine seed and a steady cool set for small crystals. Clean kit and consistent temperatures do most of the heavy lifting.,Products & Processing,Summer,Ireland/Europe,Met Éireann. (2024). Irish climatology & phenology.,CC-BY 4.0,Jun–Aug,#wax
303,"Wildflower Meadows often anchors summer forage in Ireland. Weather rules nectar: cool, wet spells can slash yields even when hedgerows look busy.",Floral & Environmental,Summer,Ireland/Europe,NBDC Ireland. (2023). Biodiversity records.,CC-BY 4.0,Jun–Aug,#microclimate
304,OSR sets fast; extract promptly or be ready to re-liquefy combs humanely. Clean kit and consistent temperatures do most of the heavy lifting.,Products & Processing,Summer,Ireland/Europe,Met Éireann. (2024). Irish climatology & phenology.,CC-BY 4.0,Jun–Aug,#processing
305,Foraging efficiency benefits from floral constancy—bees work one source per trip when it pays. Simple records and a steady routine will beat gadgets and guesswork.,Sustainability & Science,Summer,Ireland/Europe,Met Éireann. (2024). Irish climatology & phenology.,CC-BY 4.0,Jun–Aug,#climate
306,"Brood care is protein-hungry: nurse bees need pollen to make jelly, especially in summer. When protein dips, brood pattern suffers before you notice stores falling.",Bee Biology & Behaviour,Summer,Ireland/Europe,NBDC Ireland. (2023). Biodiversity records.,CC-BY 4.0,Jun–Aug,#biology
307,Creamed honey needs a fine seed and a steady cool set for small crystals. Clean kit and consistent temperatures do most of the heavy lifting.,Products & Processing,Summer,Ireland/Europe,Met Éireann. (2024). Irish climatology & phenology.,CC-BY 4.0,Jun–Aug,#honey
308,"Brood care is protein-hungry: nurse bees need pollen to make jelly, especially in summer. When protein dips, brood pattern suffers before you notice stores falling.",Bee Biology & Behaviour,Summer,Ireland/Europe,EFSA. (2022). Pollinator risk assessment overview.,CC-BY 4.0,Jun–Aug,#pheromones
309,UV patterns on petals guide nectar access; overcast days degrade navigation. Simple records and a steady routine will beat gadgets and guesswork.,Sustainability & Science,Summer,Ireland/Europe,EFSA. (2022). Pollinator risk assessment overview.,CC-BY 4.0,Jun–Aug,#sustainability
310,"Brood care is protein-hungry: nurse bees need pollen to make jelly, especially in summer. When protein dips, brood pattern suffers before you notice stores falling.",Bee Biology & Behaviour,Summer,Ireland/Europe,COLOSS. (2023). Honey bee health guidance.,CC-BY 4.0,Jun–Aug,#behaviour
311,Irish heather honey has a long-standing reputation; terroir matters as much as technique. Local practice still bends to weather and forage more than to fashion.,History & Culture,Summer,Ireland/Europe,FAO. (2018). Good beekeeping practices.,CC-BY 4.0,Jun–Aug,#history
312,Super early and often during strong flows to prevent honey-bound brood nests. A small tweak in timing here usually means fewer interventions later.,Colony Management,Summer,Ireland/Europe,Met Éireann. (2024). Irish climatology & phenology.,CC-BY 4.0,Jun–Aug,#varroa
313,"Bramble often anchors summer forage in Ireland. Weather rules nectar: cool, wet spells can slash yields even when hedgerows look busy.",Floral & Environmental,Summer,Ireland/Europe,DAFM. (2024). Bee Health & Biosecurity Advice.,CC-BY 4.0,Jun–Aug,#forage
314,"White Clover often anchors summer forage in Ireland. Weather rules nectar: cool, wet spells can slash yields even when hedgerows look busy.",Floral & Environmental,Summer,Ireland/Europe,COLOSS. (2023). Honey bee health guidance.,CC-BY 4.0,Jun–Aug,#microclimate
315,"Moveable-frame hives revolutionised husbandry; most modern kit is refinement, not reinvention. Local practice still bends to weather and forage more than to fashion.",History & Culture,Summer,Ireland/Europe,DAFM. (2024). Bee Health & Biosecurity Advice.,CC-BY 4.0,Jun–Aug,#history
316,Foraging efficiency benefits from floral constancy—bees work one source per trip when it pays. Simple records and a steady routine will beat gadgets and guesswork.,Sustainability & Science,Summer,Ireland/Europe,Met Éireann. (2024). Irish climatology & phenology.,CC-BY 4.0,Jun–Aug,#sustainability
317,"Raspberry often anchors summer forage in Ireland. Weather rules nectar: cool, wet spells can slash yields even when hedgerows look busy.",Floral & Environmental,Summer,Ireland/Europe,Met Éireann. (2024). Irish climatology & phenology.,CC-BY 4.0,Jun–Aug,#phenology
318,Check brood pattern after flows; a big crop can hide a failing queen. A small tweak in timing here usually means fewer interventions later.,Colony Management,Summer,Ireland/Europe,COLOSS. (2023). Honey bee health guidance.,CC-BY 4.0,Jun–Aug,#varroa
319,"Brood care is protein-hungry: nurse bees need pollen to make jelly, especially in summer. When protein dips, brood pattern suffers before you notice stores falling.",Bee Biology & Behaviour,Summer,Ireland/Europe,DAFM. (2024). Bee Health & Biosecurity Advice.,CC-BY 4.0,Jun–Aug,#lifespan
320,"Moveable-frame hives revolutionised husbandry; most modern kit is refinement, not reinvention. Local practice still bends to weather and forage more than to fashion.",History & Culture,Summer,Ireland/Europe,COLOSS. (2023). Honey bee health guidance.,CC-BY 4.0,Jun–Aug,#history
321,"Mating success depends on warm, calm afternoons and ample drones. Line-breeding without records just randomises outcomes with a pedigree label.",Queen Rearing & Genetics,Summer,Ireland/Europe,DAFM. (2024). Bee Health & Biosecurity Advice.,CC-BY 4.0,Jun–Aug,#mating
322,"Wildflower Meadows often anchors summer forage in Ireland. Weather rules nectar: cool, wet spells can slash yields even when hedgerows look busy.",Floral & Environmental,Summer,Ireland/Europe,COLOSS. (2023). Honey bee health guidance.,CC-BY 4.0,Jun–Aug,#weather
323,"Mating success depends on warm, calm afternoons and ample drones. Line-breeding without records just randomises outcomes with a pedigree label.",Queen Rearing & Genetics,Summer,Ireland/Europe,Original content,CC-BY 4.0,Jun–Aug,#breeding
324,Creamed honey needs a fine seed and a steady cool set for small crystals. Clean kit and consistent temperatures do most of the heavy lifting.,Products & Processing,Summer,Ireland/Europe,EFSA. (2022). Pollinator risk assessment overview.,CC-BY 4.0,Jun–Aug,#processing
325,Creamed honey needs a fine seed and a steady cool set for small crystals. Clean kit and consistent temperatures do most of the heavy lifting.,Products & Processing,Summer,Ireland/Europe,COLOSS. (2023). Honey bee health guidance.,CC-BY 4.0,Jun–Aug,#honey
326,Check brood pattern after flows; a big crop can hide a failing queen. A small tweak in timing here usually means fewer interventions later.,Colony Management,Summer,Ireland/Europe,NBDC Ireland. (2023). Biodiversity records.,CC-BY 4.0,Jun–Aug,#feeding
327,Creamed honey needs a fine seed and a steady cool set for small crystals. Clean kit and consistent temperatures do most of the heavy lifting.,Products & Processing,Summer,Ireland/Europe,DAFM. (2024). Bee Health & Biosecurity Advice.,CC-BY 4.0,Jun–Aug,#processing
328,"Mating success depends on warm, calm afternoons and ample drones. Line-breeding without records just randomises outcomes with a pedigree label.",Queen Rearing & Genetics,Summer,Ireland/Europe,FAO. (2018). Good beekeeping practices.,CC-BY 4.0,Jun–Aug,#genetics
329,Winter is planning season for breeding: set scoring rubrics and prep drone mother colonies. Good notes beat glossy gear when selection time arrives.,Queen Rearing & Genetics,Autumn,Ireland/Europe,COLOSS. (2023). Honey bee health guidance.,CC-BY 4.0,Sep–Oct,#mating
330,Ivy is a gift—manage space so it doesn’t block winter clustering. A small tweak in timing here usually means fewer interventions later.,Colony Management,Autumn,Ireland/Europe,Original content,CC-BY 4.0,Sep–Oct,#varroa
331,Irish heather honey has a long-standing reputation; terroir matters as much as technique. Local practice still bends to weather and forage more than to fashion.,History & Culture,Autumn,Ireland/Europe,BBKA. (2021). Notes for Beekeepers.,CC-BY 4.0,Sep–Oct,#tradition
332,Ivy is a gift—manage space so it doesn’t block winter clustering. A small tweak in timing here usually means fewer interventions later.,Colony Management,Autumn,Ireland/Europe,BBKA. (2021). Notes for Beekeepers.,CC-BY 4.0,Sep–Oct,#feeding
333,Irish heather honey has a long-standing reputation; terroir matters as much as technique. Local practice still bends to weather and forage more than to fashion.,History & Culture,Autumn,Ireland/Europe,Met Éireann. (2024). Irish climatology & phenology.,CC-BY 4.0,Sep–Oct,#culture
334,Ivy is a gift—manage space so it doesn’t block winter clustering. A small tweak in timing here usually means fewer interventions later.,Colony Management,Autumn,Ireland/Europe,EFSA. (2022). Pollinator risk assessment overview.,CC-BY 4.0,Sep–Oct,#management
335,Winter bees build higher fat body reserves; late-season nutrition is pivotal. Simple records and a steady routine will beat gadgets and guesswork.,Sustainability & Science,Autumn,Ireland/Europe,Original content,CC-BY 4.0,Sep–Oct,#biosecurity
336,"Brood care is protein-hungry: nurse bees need pollen to make jelly, especially in autumn. When protein dips, brood pattern suffers before you notice stores falling.",Bee Biology & Behaviour,Autumn,Ireland/Europe,EFSA. (2022). Pollinator risk assessment overview.,CC-BY 4.0,Sep–Oct,#lifespan
337,"Ivy often anchors autumn forage in Ireland. Weather rules nectar: cool, wet spells can slash yields even when hedgerows look busy.",Floral & Environmental,Autumn,Ireland/Europe,DAFM. (2024). Bee Health & Biosecurity Advice.,CC-BY 4.0,Sep–Oct,#microclimate
338,"Hedgerow Mix often anchors autumn forage in Ireland. Weather rules nectar: cool, wet spells can slash yields even when hedgerows look busy.",Floral & Environmental,Autumn,Ireland/Europe,BBKA. (2021). Notes for Beekeepers.,CC-BY 4.0,Sep–Oct,#forage
339,Winter is planning season for breeding: set scoring rubrics and prep drone mother colonies. Good notes beat glossy gear when selection time arrives.,Queen Rearing & Genetics,Autumn,Ireland/Europe,BBKA. (2021). Notes for Beekeepers.,CC-BY 4.0,Sep–Oct,#breeding
340,Winter is planning season for breeding: set scoring rubrics and prep drone mother colonies. Good notes beat glossy gear when selection time arrives.,Queen Rearing & Genetics,Autumn,Ireland/Europe,BBKA. (2021). Notes for Beekeepers.,CC-BY 4.0,Sep–Oct,#genetics
341,Post-treatment mite drops tell you if your plan worked; numbers beat guesses. Simple records and a steady routine will beat gadgets and guesswork.,Sustainability & Science,Autumn,Ireland/Europe,Met Éireann. (2024). Irish climatology & phenology.,CC-BY 4.0,Sep–Oct,#sustainability
342,Winter bees build higher fat body reserves; late-season nutrition is pivotal. Simple records and a steady routine will beat gadgets and guesswork.,Sustainability & Science,Autumn,Ireland/Europe,COLOSS. (2023). Honey bee health guidance.,CC-BY 4.0,Sep–Oct,#biosecurity
343,"Treat varroa on evidence, then confirm efficacy; mites don’t read labels. A small tweak in timing here usually means fewer interventions later.",Colony Management,Autumn,Ireland/Europe,DAFM. (2024). Bee Health & Biosecurity Advice.,CC-BY 4.0,Sep–Oct,#swarm
344,Batch codes and records turn a hobby into a compliant food business. Clean kit and consistent temperatures do most of the heavy lifting.,Products & Processing,Autumn,Ireland/Europe,COLOSS. (2023). Honey bee health guidance.,CC-BY 4.0,Sep–Oct,#wax
345,"Treat varroa on evidence, then confirm efficacy; mites don’t read labels. A small tweak in timing here usually means fewer interventions later.",Colony Management,Autumn,Ireland/Europe,EFSA. (2022). Pollinator risk assessment overview.,CC-BY 4.0,Sep–Oct,#swarm
346,Post-treatment mite drops tell you if your plan worked; numbers beat guesses. Simple records and a steady routine will beat gadgets and guesswork.,Sustainability & Science,Autumn,Ireland/Europe,COLOSS. (2023). Honey bee health guidance.,CC-BY 4.0,Sep–Oct,#sustainability
347,Heather honey is thixotropic—pressing protects its jelly-like body and aroma. Clean kit and consistent temperatures do most of the heavy lifting.,Products & Processing,Autumn,Ireland/Europe,BBKA. (2021). Notes for Beekeepers.,CC-BY 4.0,Sep–Oct,#propolis
348,Ivy is a gift—manage space so it doesn’t block winter clustering. A small tweak in timing here usually means fewer interventions later.,Colony Management,Autumn,Ireland/Europe,Met Éireann. (2024). Irish climatology & phenology.,CC-BY 4.0,Sep–Oct,#swarm
349,Winter is planning season for breeding: set scoring rubrics and prep drone mother colonies. Good notes beat glossy gear when selection time arrives.,Queen Rearing & Genetics,Autumn,Ireland/Europe,DAFM. (2024). Bee Health & Biosecurity Advice.,CC-BY 4.0,Sep–Oct,#breeding
350,Irish heather honey has a long-standing reputation; terroir matters as much as technique. Local practice still bends to weather and forage more than to fashion.,History & Culture,Autumn,Ireland/Europe,COLOSS. (2023). Honey bee health guidance.,CC-BY 4.0,Sep–Oct,#tradition
351,Winter bees build higher fat body reserves; late-season nutrition is pivotal. Simple records and a steady routine will beat gadgets and guesswork.,Sustainability & Science,Autumn,Ireland/Europe,EFSA. (2022). Pollinator risk assessment overview.,CC-BY 4.0,Sep–Oct,#sustainability
352,Post-treatment mite drops tell you if your plan worked; numbers beat guesses. Simple records and a steady routine will beat gadgets and guesswork.,Sustainability & Science,Autumn,Ireland/Europe,BBKA. (2021). Notes for Beekeepers.,CC-BY 4.0,Sep–Oct,#sustainability
353,Batch codes and records turn a hobby into a compliant food business. Clean kit and consistent temperatures do most of the heavy lifting.,Products & Processing,Autumn,Ireland/Europe,EFSA. (2022). Pollinator risk assessment overview.,CC-BY 4.0,Sep–Oct,#wax
354,Winter is planning season for breeding: set scoring rubrics and prep drone mother colonies. Good notes beat glossy gear when selection time arrives.,Queen Rearing & Genetics,Autumn,Ireland/Europe,Original content,CC-BY 4.0,Sep–Oct,#genetics
355,Winter is planning season for breeding: set scoring rubrics and prep drone mother colonies. Good notes beat glossy gear when selection time arrives.,Queen Rearing & Genetics,Autumn,Ireland/Europe,Met Éireann. (2024). Irish climatology & phenology.,CC-BY 4.0,Sep–Oct,#queen
356,"Ivy often anchors autumn forage in Ireland. Weather rules nectar: cool, wet spells can slash yields even when hedgerows look busy.",Floral & Environmental,Autumn,Ireland/Europe,NBDC Ireland. (2023). Biodiversity records.,CC-BY 4.0,Sep–Oct,#phenology
357,Ivy is a gift—manage space so it doesn’t block winter clustering. A small tweak in timing here usually means fewer interventions later.,Colony Management,Autumn,Ireland/Europe,COLOSS. (2023). Honey bee health guidance.,CC-BY 4.0,Sep–Oct,#varroa
358,"Treat varroa on evidence, then confirm efficacy; mites don’t read labels. A small tweak in timing here usually means fewer interventions later.",Colony Management,Autumn,Ireland/Europe,Met Éireann. (2024). Irish climatology & phenology.,CC-BY 4.0,Sep–Oct,#swarm
359,"Brood care is protein-hungry: nurse bees need pollen to make jelly, especially in autumn. When protein dips, brood pattern suffers before you notice stores falling.",Bee Biology & Behaviour,Autumn,Ireland/Europe,FAO. (2018). Good beekeeping practices.,CC-BY 4.0,Sep–Oct,#behaviour
360,Feed to target weight before cold nights; late syrup only stimulates unwanted brood. A small tweak in timing here usually means fewer interventions later.,Colony Management,Autumn,Ireland/Europe,BBKA. (2021). Notes for Beekeepers.,CC-BY 4.0,Sep–Oct,#varroa
361,"Treat varroa on evidence, then confirm efficacy; mites don’t read labels. A small tweak in timing here usually means fewer interventions later.",Colony Management,Autumn,Ireland/Europe,EFSA. (2022). Pollinator risk assessment overview.,CC-BY 4.0,Sep–Oct,#varroa
362,"Brood care is protein-hungry: nurse bees need pollen to make jelly, especially in autumn. When protein dips, brood pattern suffers before you notice stores falling.",Bee Biology & Behaviour,Autumn,Ireland/Europe,BBKA. (2021). Notes for Beekeepers.,CC-BY 4.0,Sep–Oct,#behaviour
363,"Ivy often anchors autumn forage in Ireland. Weather rules nectar: cool, wet spells can slash yields even when hedgerows look busy.",Floral & Environmental,Autumn,Ireland/Europe,BBKA. (2021). Notes for Beekeepers.,CC-BY 4.0,Sep–Oct,#microclimate
364,Winter bees build higher fat body reserves; late-season nutrition is pivotal. Simple records and a steady routine will beat gadgets and guesswork.,Sustainability & Science,Autumn,Ireland/Europe,FAO. (2018). Good beekeeping practices.,CC-BY 4.0,Sep–Oct,#climate
365,"Ivy often anchors autumn forage in Ireland. Weather rules nectar: cool, wet spells can slash yields even when hedgerows look busy.",Floral & Environmental,Autumn,Ireland/Europe,NBDC Ireland. (2023). Biodiversity records.,CC-BY 4.0,Sep–Oct,#forage
