-- Hive Craic Database Export
-- Generated on: 2025-10-24T14:11:59.731Z

-- NOTE: This is a data-only export. Run this against an existing database schema.


-- Table: apiaries
-- Records: 2

INSERT INTO apiaries (id, name, location, notes, created_by, created_at, city, eircode, user_id) VALUES ('53e4f795-25ee-4ae9-a881-fb783406ad00', 'Colm (AP01)', 'Back at the Field', '', NULL, '2025-10-19T16:49:50.574661+00:00', 'Annaghdown', 'H91 E6K2', '08e38bd9-30b0-4183-92c2-fc3b7600a46a');
INSERT INTO apiaries (id, name, location, notes, created_by, created_at, city, eircode, user_id) VALUES ('5233097b-500c-44cd-8da8-5f6b1fc7c03d', 'Tom (AP02)', 'Back at the field in the woods', '', NULL, '2025-10-18T17:46:53.711301+00:00', 'Annaghdown', 'H91 Y7W2', '08e38bd9-30b0-4183-92c2-fc3b7600a46a');


-- Table: hives
-- Records: 5

INSERT INTO hives (id, apiary_id, hive_number, queen_id, status, notes, created_at, user_id, queen_marked, queen_marking_color, queen_mated, queen_clipped, colony_established_date, queen_installed_date, hive_type, configuration) VALUES ('7b67eb2c-05cb-4e41-95a0-1e2e8855fdae', '5233097b-500c-44cd-8da8-5f6b1fc7c03d', '37-DA (R3)', '14378b9c-ea72-4bd9-b8a4-e983bf621dbe', 'active', '', '2025-10-19T19:15:57.185342+00:00', '08e38bd9-30b0-4183-92c2-fc3b7600a46a', false, '', false, false, '2023-08-07', '2025-08-07', 'Production', '{"feeder":false,"brood_boxes":1,"feeder_type":"","honey_supers":0,"queen_excluder":false,"entrance_reducer":false,"varroa_mesh_floor":"closed","right_sized_broodbox":true}');
INSERT INTO hives (id, apiary_id, hive_number, queen_id, status, notes, created_at, user_id, queen_marked, queen_marking_color, queen_mated, queen_clipped, colony_established_date, queen_installed_date, hive_type, configuration) VALUES ('9cf84ad7-5030-4e4b-b7dc-6a15315d1f7c', '5233097b-500c-44cd-8da8-5f6b1fc7c03d', '64-DA (R1)', '728b4ed3-3c7e-4db3-8e26-b0faa8fa0450', 'active', '', '2025-10-19T14:55:17.31296+00:00', '08e38bd9-30b0-4183-92c2-fc3b7600a46a', false, '', false, false, '2025-07-13', '2025-06-30', 'Production', '{"feeder":false,"brood_boxes":1,"feeder_type":"","honey_supers":0,"queen_excluder":false,"entrance_reducer":false,"varroa_mesh_floor":"closed","right_sized_broodbox":true}');
INSERT INTO hives (id, apiary_id, hive_number, queen_id, status, notes, created_at, user_id, queen_marked, queen_marking_color, queen_mated, queen_clipped, colony_established_date, queen_installed_date, hive_type, configuration) VALUES ('83fd855e-18f8-4e64-ba12-3df41493fe1c', '5233097b-500c-44cd-8da8-5f6b1fc7c03d', '76-DA (R2)', '2a97687a-90f3-495d-9bd5-de519f275fab', 'active', '', '2025-10-19T18:57:35.281915+00:00', '08e38bd9-30b0-4183-92c2-fc3b7600a46a', false, '', false, false, '2024-09-18', '2025-06-01', 'Production', '{"feeder":false,"brood_boxes":1,"feeder_type":"","honey_supers":0,"queen_excluder":false,"entrance_reducer":false,"varroa_mesh_floor":"closed","right_sized_broodbox":true}');
INSERT INTO hives (id, apiary_id, hive_number, queen_id, status, notes, created_at, user_id, queen_marked, queen_marking_color, queen_mated, queen_clipped, colony_established_date, queen_installed_date, hive_type, configuration) VALUES ('ef58668a-93a0-4c3d-aafe-e114de245152', '5233097b-500c-44cd-8da8-5f6b1fc7c03d', '26-DA (R4)', 'ae42216a-2e8f-497f-a6de-fa096f0a6846', 'active', '', '2025-10-19T19:22:24.027626+00:00', '08e38bd9-30b0-4183-92c2-fc3b7600a46a', false, '', false, false, '2024-06-02', '2025-07-05', 'Production', '{"feeder":false,"brood_boxes":1,"feeder_type":"","honey_supers":0,"queen_excluder":false,"entrance_reducer":false,"bottom_board_type":"screened","varroa_mesh_floor":"closed","right_sized_broodbox":true}');
INSERT INTO hives (id, apiary_id, hive_number, queen_id, status, notes, created_at, user_id, queen_marked, queen_marking_color, queen_mated, queen_clipped, colony_established_date, queen_installed_date, hive_type, configuration) VALUES ('3b8820f5-65ea-4e6f-bd8b-057860d8ba52', '53e4f795-25ee-4ae9-a881-fb783406ad00', '29-DA (R1R2)', 'b27cff7f-562b-4fcc-a8af-24968fe507a4', 'active', '', '2025-10-19T21:30:18.960898+00:00', '08e38bd9-30b0-4183-92c2-fc3b7600a46a', false, '', false, false, '2024-05-01', '2024-06-09', 'Production', '{"feeder":false,"brood_boxes":1,"feeder_type":"","honey_supers":0,"queen_excluder":false,"entrance_reducer":false,"varroa_mesh_floor":"closed","right_sized_broodbox":true}');


-- Table: queens
-- Records: 5

INSERT INTO queens (id, queen_number, mother_id, father_id, birth_date, marking_color, source, subspecies, status, performance_notes, created_by, created_at, lineage, queen_clipped, user_id, mated_at_eircode) VALUES ('728b4ed3-3c7e-4db3-8e26-b0faa8fa0450', '9B', NULL, NULL, '2025-08-09', 'Blue', 'Bred', 'Apis mellifera mellifera (AMM)', 'active', 'Notes', NULL, '2025-10-18T16:36:17.458048+00:00', 'RZ023=.25-RZ018xOP(HD)-RZ026xOP', false, '08e38bd9-30b0-4183-92c2-fc3b7600a46a', 'H91 XT7F');
INSERT INTO queens (id, queen_number, mother_id, father_id, birth_date, marking_color, source, subspecies, status, performance_notes, created_by, created_at, lineage, queen_clipped, user_id, mated_at_eircode) VALUES ('b27cff7f-562b-4fcc-a8af-24968fe507a4', 'n/a', NULL, NULL, '2025-07-05', 'Blue', 'Swarm Cell', 'Apis mellifera mellifera (AMM)', 'active', '', NULL, '2025-10-19T21:34:08.241672+00:00', 'RZ029=.25-RZ29xOP(AN).24-RZ037xOP', false, '08e38bd9-30b0-4183-92c2-fc3b7600a46a', 'H91 R9T8');
INSERT INTO queens (id, queen_number, mother_id, father_id, birth_date, marking_color, source, subspecies, status, performance_notes, created_by, created_at, lineage, queen_clipped, user_id, mated_at_eircode) VALUES ('ae42216a-2e8f-497f-a6de-fa096f0a6846', '1B', NULL, NULL, '2025-07-05', 'Blue', 'Bred', 'Apis mellifera mellifera (AMM)', 'active', 'Crafted from 26-DA mated at the Clubs Apiary Claringbridge', NULL, '2025-10-19T19:31:00.539698+00:00', 'RZ026=.25-RZ026xOP(CG)', false, '08e38bd9-30b0-4183-92c2-fc3b7600a46a', 'H91 RW3Y');
INSERT INTO queens (id, queen_number, mother_id, father_id, birth_date, marking_color, source, subspecies, status, performance_notes, created_by, created_at, lineage, queen_clipped, user_id, mated_at_eircode) VALUES ('14378b9c-ea72-4bd9-b8a4-e983bf621dbe', '15B', NULL, NULL, '2025-10-09', 'Blue', 'Bred', 'Apis mellifera mellifera (AMM)', 'active', '', NULL, '2025-10-19T19:19:18.128244+00:00', 'RZ037=.25-RZ018xOP(HD)', false, '08e38bd9-30b0-4183-92c2-fc3b7600a46a', 'H91 XT7F');
INSERT INTO queens (id, queen_number, mother_id, father_id, birth_date, marking_color, source, subspecies, status, performance_notes, created_by, created_at, lineage, queen_clipped, user_id, mated_at_eircode) VALUES ('2a97687a-90f3-495d-9bd5-de519f275fab', 'n/a', NULL, NULL, '2025-07-05', 'Blue', 'Swarm Cell', 'Apis mellifera mellifera (AMM)', 'active', '', NULL, '2025-10-19T18:59:57.965536+00:00', 'RZ076=.25-RZ076XOP(AN)', false, '08e38bd9-30b0-4183-92c2-fc3b7600a46a', 'H91 E6K2');


-- Table: inspections
-- Records: 5

INSERT INTO inspections (id, hive_id, inspection_date, queen_seen, eggs_present, brood_pattern_rating, temperament_rating, population_strength, honey_stores, disease_issues, notes, inspected_by, created_at, brood_frames, image_url, weather_temp, weather_condition, weather_humidity, weather_wind_speed, inspection_time, user_id, right_sized_frames) VALUES ('37edb233-f681-43b9-b3b8-6d158dc4f822', '9cf84ad7-5030-4e4b-b7dc-6a15315d1f7c', '2025-10-19', false, false, 0, 0, 0, '', '', 'Move to AP02.', NULL, '2025-10-19T15:33:22.749204+00:00', NULL, NULL, 14, 'Slight Rain Showers', 92, 19, '14:26:00', '08e38bd9-30b0-4183-92c2-fc3b7600a46a', NULL);
INSERT INTO inspections (id, hive_id, inspection_date, queen_seen, eggs_present, brood_pattern_rating, temperament_rating, population_strength, honey_stores, disease_issues, notes, inspected_by, created_at, brood_frames, image_url, weather_temp, weather_condition, weather_humidity, weather_wind_speed, inspection_time, user_id, right_sized_frames) VALUES ('cbcd4648-6608-41ac-bd23-0d752ac215cb', '83fd855e-18f8-4e64-ba12-3df41493fe1c', '2025-10-19', false, false, 0, 0, 0, '', '', 'Moved hive to AP02.', NULL, '2025-10-19T19:05:17.786494+00:00', NULL, NULL, 14, 'Slight Rain Showers', 92, 19, '13:27:00', '08e38bd9-30b0-4183-92c2-fc3b7600a46a', NULL);
INSERT INTO inspections (id, hive_id, inspection_date, queen_seen, eggs_present, brood_pattern_rating, temperament_rating, population_strength, honey_stores, disease_issues, notes, inspected_by, created_at, brood_frames, image_url, weather_temp, weather_condition, weather_humidity, weather_wind_speed, inspection_time, user_id, right_sized_frames) VALUES ('0ef27d9c-1009-48ea-9a13-e5a14772a333', 'ef58668a-93a0-4c3d-aafe-e114de245152', '2025-10-19', false, false, 0, 0, 0, '', '', 'Moved hive to AP02.', NULL, '2025-10-19T19:53:51.112782+00:00', NULL, NULL, 14, 'Slight Rain Showers', 92, 19, '14:27:00', '08e38bd9-30b0-4183-92c2-fc3b7600a46a', NULL);
INSERT INTO inspections (id, hive_id, inspection_date, queen_seen, eggs_present, brood_pattern_rating, temperament_rating, population_strength, honey_stores, disease_issues, notes, inspected_by, created_at, brood_frames, image_url, weather_temp, weather_condition, weather_humidity, weather_wind_speed, inspection_time, user_id, right_sized_frames) VALUES ('267d553b-7ba4-4e4c-8a97-23774d7152d8', '7b67eb2c-05cb-4e41-95a0-1e2e8855fdae', '2025-10-19', false, false, 0, 0, 0, '', '', 'Moved hive to AP02.', NULL, '2025-10-19T19:55:44.135784+00:00', NULL, NULL, 14, 'Slight Rain Showers', 92, 19, '14:27:00', '08e38bd9-30b0-4183-92c2-fc3b7600a46a', NULL);
INSERT INTO inspections (id, hive_id, inspection_date, queen_seen, eggs_present, brood_pattern_rating, temperament_rating, population_strength, honey_stores, disease_issues, notes, inspected_by, created_at, brood_frames, image_url, weather_temp, weather_condition, weather_humidity, weather_wind_speed, inspection_time, user_id, right_sized_frames) VALUES ('167b512b-2b57-4bf8-85ac-601b4a36fcba', '3b8820f5-65ea-4e6f-bd8b-057860d8ba52', '2025-10-20', false, false, 0, 4, 2, '', '', '', NULL, '2025-10-20T13:22:58.05602+00:00', NULL, 'https://tbhofdmfzwibysnnssnx.supabase.co/storage/v1/object/public/inspection-images/inspections/vky67x94w5h_1760966555279.jpg', 11, 'Overcast', 73, 18, '14:21:00', '08e38bd9-30b0-4183-92c2-fc3b7600a46a', 10);


-- Table: varroa_checks
-- Records: 1

INSERT INTO varroa_checks (id, hive_id, check_date, method, mites_count, sample_size, infestation_rate, action_threshold_reached, notes, created_at, updated_at, user_id) VALUES ('214c8bc3-4a3d-4173-9551-0e0d1d39b432', '3b8820f5-65ea-4e6f-bd8b-057860d8ba52', '2025-10-20', 'Floor Board Screening', 12, 4, 3, false, '', '2025-10-20T13:20:59.704891+00:00', '2025-10-21T18:58:16.415055+00:00', '08e38bd9-30b0-4183-92c2-fc3b7600a46a');


-- Table: varroa_treatments
-- Records: 1

INSERT INTO varroa_treatments (id, hive_id, treatment_date, treatment_type, product_name, dosage, temperature, weather_conditions, notes, created_at, updated_at, user_id) VALUES ('0e9d7986-3629-40b9-9df6-144a0a61eefc', '3b8820f5-65ea-4e6f-bd8b-057860d8ba52', '2025-10-20', 'Oxalic Acid', 'BienenWohl', '30ml', NULL, '', '', '2025-10-20T13:19:36.291603+00:00', '2025-10-21T18:58:16.415055+00:00', '08e38bd9-30b0-4183-92c2-fc3b7600a46a');


-- Table: dropdown_categories
-- Records: 5

INSERT INTO dropdown_categories (id, category_name, category_key, description, created_at, updated_at) VALUES ('66b34a67-7555-4efa-b841-386d08b38d53', 'Queen Source', 'queen_source', 'Where the queen came from (bred, purchased, or swarm)', '2025-10-19T11:40:50.463315+00:00', '2025-10-19T11:40:50.463315+00:00');
INSERT INTO dropdown_categories (id, category_name, category_key, description, created_at, updated_at) VALUES ('51919bd1-f02b-4579-bd94-a8aadb9083fa', 'Queen Status', 'queen_status', 'Current status of the queen bee', '2025-10-19T11:40:50.463315+00:00', '2025-10-19T11:40:50.463315+00:00');
INSERT INTO dropdown_categories (id, category_name, category_key, description, created_at, updated_at) VALUES ('dd2abaa9-5131-48c8-aafb-7b62bc9b32c7', 'Honey Stores Level', 'honey_stores_level', 'Amount of honey stores in the hive during inspection', '2025-10-19T11:40:50.463315+00:00', '2025-10-19T11:40:50.463315+00:00');
INSERT INTO dropdown_categories (id, category_name, category_key, description, created_at, updated_at) VALUES ('2f08ae0c-3e0f-4714-9f30-5d3ef80b7297', 'Varroa Treatment Product Name', 'varroa_treatment_product', 'Product names for varroa mite treatments', '2025-10-19T11:49:57.616523+00:00', '2025-10-19T11:49:57.616523+00:00');
INSERT INTO dropdown_categories (id, category_name, category_key, description, created_at, updated_at) VALUES ('aee31758-a524-403d-9d64-6b1789e94cd2', 'Bee Subspecies', 'bee_subspecies', 'Common bee subspecies and breeds for queen classification', '2025-10-19T15:07:47.592146+00:00', '2025-10-19T15:07:47.592146+00:00');


-- Table: dropdown_values
-- Records: 25

INSERT INTO dropdown_values (id, category_id, value, display_order, is_active, created_at, updated_at) VALUES ('ba84ecf8-03a4-43df-a43e-1739374c43a8', '66b34a67-7555-4efa-b841-386d08b38d53', 'Bred', 1, true, '2025-10-19T11:40:50.463315+00:00', '2025-10-19T11:40:50.463315+00:00');
INSERT INTO dropdown_values (id, category_id, value, display_order, is_active, created_at, updated_at) VALUES ('77300419-e755-4602-a83d-f172aac882df', '66b34a67-7555-4efa-b841-386d08b38d53', 'Purchased', 2, true, '2025-10-19T11:40:50.463315+00:00', '2025-10-19T11:40:50.463315+00:00');
INSERT INTO dropdown_values (id, category_id, value, display_order, is_active, created_at, updated_at) VALUES ('c7401aff-639e-4d1d-8053-64b46680e9ac', '66b34a67-7555-4efa-b841-386d08b38d53', 'Swarm', 3, true, '2025-10-19T11:40:50.463315+00:00', '2025-10-19T11:40:50.463315+00:00');
INSERT INTO dropdown_values (id, category_id, value, display_order, is_active, created_at, updated_at) VALUES ('51d3fffb-1500-4403-b83c-8f4a0835c970', '51919bd1-f02b-4579-bd94-a8aadb9083fa', 'Active', 1, true, '2025-10-19T11:40:50.463315+00:00', '2025-10-19T11:40:50.463315+00:00');
INSERT INTO dropdown_values (id, category_id, value, display_order, is_active, created_at, updated_at) VALUES ('00809106-9579-4e20-97e5-bc37a3769a42', '51919bd1-f02b-4579-bd94-a8aadb9083fa', 'Retired', 2, true, '2025-10-19T11:40:50.463315+00:00', '2025-10-19T11:40:50.463315+00:00');
INSERT INTO dropdown_values (id, category_id, value, display_order, is_active, created_at, updated_at) VALUES ('b3e5a1f7-eac3-47c5-aecf-d7ac3b434d6e', '51919bd1-f02b-4579-bd94-a8aadb9083fa', 'Dead', 3, true, '2025-10-19T11:40:50.463315+00:00', '2025-10-19T11:40:50.463315+00:00');
INSERT INTO dropdown_values (id, category_id, value, display_order, is_active, created_at, updated_at) VALUES ('9047baf2-51f6-40dd-8238-eb6d7ed5a82e', 'dd2abaa9-5131-48c8-aafb-7b62bc9b32c7', 'Low', 1, true, '2025-10-19T11:40:50.463315+00:00', '2025-10-19T11:40:50.463315+00:00');
INSERT INTO dropdown_values (id, category_id, value, display_order, is_active, created_at, updated_at) VALUES ('cdcb4f79-1f9e-4d71-80e4-5692fef45687', 'dd2abaa9-5131-48c8-aafb-7b62bc9b32c7', 'Medium', 2, true, '2025-10-19T11:40:50.463315+00:00', '2025-10-19T11:40:50.463315+00:00');
INSERT INTO dropdown_values (id, category_id, value, display_order, is_active, created_at, updated_at) VALUES ('550306de-6175-490b-a869-02dee8755348', 'dd2abaa9-5131-48c8-aafb-7b62bc9b32c7', 'Good', 3, true, '2025-10-19T11:40:50.463315+00:00', '2025-10-19T11:40:50.463315+00:00');
INSERT INTO dropdown_values (id, category_id, value, display_order, is_active, created_at, updated_at) VALUES ('e0f7de83-a278-4bd9-907d-616e70a5dc3c', 'dd2abaa9-5131-48c8-aafb-7b62bc9b32c7', 'Excellent', 4, true, '2025-10-19T11:40:50.463315+00:00', '2025-10-19T11:40:50.463315+00:00');
INSERT INTO dropdown_values (id, category_id, value, display_order, is_active, created_at, updated_at) VALUES ('baf651ae-41cc-48c7-903b-5428e8167de6', '2f08ae0c-3e0f-4714-9f30-5d3ef80b7297', 'BienenWohl', 8, true, '2025-10-19T11:51:06.254327+00:00', '2025-10-19T11:51:06.254327+00:00');
INSERT INTO dropdown_values (id, category_id, value, display_order, is_active, created_at, updated_at) VALUES ('de52c3f3-c760-4c44-8381-d6118eb7d7ed', '2f08ae0c-3e0f-4714-9f30-5d3ef80b7297', 'Oxalic Acid', 7, false, '2025-10-19T11:49:57.616523+00:00', '2025-10-19T11:51:57.025293+00:00');
INSERT INTO dropdown_values (id, category_id, value, display_order, is_active, created_at, updated_at) VALUES ('d5e54f14-53e2-464b-ac88-df70fe88cfde', 'aee31758-a524-403d-9d64-6b1789e94cd2', 'Italian (Apis mellifera ligustica)', 1, true, '2025-10-19T15:07:47.592146+00:00', '2025-10-19T15:07:47.592146+00:00');
INSERT INTO dropdown_values (id, category_id, value, display_order, is_active, created_at, updated_at) VALUES ('8bc5f86c-c1fc-4324-a289-7e387b69b1a7', 'aee31758-a524-403d-9d64-6b1789e94cd2', 'Carniolan (Apis mellifera carnica)', 2, true, '2025-10-19T15:07:47.592146+00:00', '2025-10-19T15:07:47.592146+00:00');
INSERT INTO dropdown_values (id, category_id, value, display_order, is_active, created_at, updated_at) VALUES ('bb47df30-a86c-438c-a644-a7570003c5de', 'aee31758-a524-403d-9d64-6b1789e94cd2', 'Buckfast', 3, true, '2025-10-19T15:07:47.592146+00:00', '2025-10-19T15:07:47.592146+00:00');
INSERT INTO dropdown_values (id, category_id, value, display_order, is_active, created_at, updated_at) VALUES ('c1fdfcfd-e7de-4ff8-a079-806851869aac', 'aee31758-a524-403d-9d64-6b1789e94cd2', 'Russian', 4, true, '2025-10-19T15:07:47.592146+00:00', '2025-10-19T15:07:47.592146+00:00');
INSERT INTO dropdown_values (id, category_id, value, display_order, is_active, created_at, updated_at) VALUES ('3610d0ae-a405-4271-ba9a-40429b47aabb', 'aee31758-a524-403d-9d64-6b1789e94cd2', 'Caucasian (Apis mellifera caucasia)', 5, true, '2025-10-19T15:07:47.592146+00:00', '2025-10-19T15:07:47.592146+00:00');
INSERT INTO dropdown_values (id, category_id, value, display_order, is_active, created_at, updated_at) VALUES ('1504f387-8118-4545-b360-5b3e355c2eee', 'aee31758-a524-403d-9d64-6b1789e94cd2', 'Africanized', 7, true, '2025-10-19T15:07:47.592146+00:00', '2025-10-19T15:07:47.592146+00:00');
INSERT INTO dropdown_values (id, category_id, value, display_order, is_active, created_at, updated_at) VALUES ('15c20919-9fb1-4731-b6b8-aaf875bb971a', 'aee31758-a524-403d-9d64-6b1789e94cd2', 'VSH (Varroa Sensitive Hygiene)', 8, true, '2025-10-19T15:07:47.592146+00:00', '2025-10-19T15:07:47.592146+00:00');
INSERT INTO dropdown_values (id, category_id, value, display_order, is_active, created_at, updated_at) VALUES ('ae711552-e86b-45c9-acaa-d7d3a2ba19e0', 'aee31758-a524-403d-9d64-6b1789e94cd2', 'Hybrid', 9, true, '2025-10-19T15:07:47.592146+00:00', '2025-10-19T15:07:47.592146+00:00');
INSERT INTO dropdown_values (id, category_id, value, display_order, is_active, created_at, updated_at) VALUES ('396b55c5-8b51-4812-b399-6bed52add9db', 'aee31758-a524-403d-9d64-6b1789e94cd2', 'Unknown', 10, true, '2025-10-19T15:07:47.592146+00:00', '2025-10-19T15:07:47.592146+00:00');
INSERT INTO dropdown_values (id, category_id, value, display_order, is_active, created_at, updated_at) VALUES ('76f183f0-b20f-4b95-965a-ad4ed7578206', 'aee31758-a524-403d-9d64-6b1789e94cd2', 'Apis mellifera mellifera (AMM)', 6, true, '2025-10-19T15:07:47.592146+00:00', '2025-10-19T15:08:40.407443+00:00');
INSERT INTO dropdown_values (id, category_id, value, display_order, is_active, created_at, updated_at) VALUES ('3e4d0877-8e03-4004-8586-61996d3a008b', '66b34a67-7555-4efa-b841-386d08b38d53', 'Swarm Cell', 4, true, '2025-10-24T11:40:30.497021+00:00', '2025-10-24T11:40:30.497021+00:00');
INSERT INTO dropdown_values (id, category_id, value, display_order, is_active, created_at, updated_at) VALUES ('05b7ec5a-d03d-4c94-a963-a08fbaf2ade4', '66b34a67-7555-4efa-b841-386d08b38d53', 'Supersedure', 5, true, '2025-10-24T11:40:51.352846+00:00', '2025-10-24T11:40:51.352846+00:00');
INSERT INTO dropdown_values (id, category_id, value, display_order, is_active, created_at, updated_at) VALUES ('a3c2930c-5f42-4162-a9cd-0876a715c541', '66b34a67-7555-4efa-b841-386d08b38d53', 'Emergency Cell', 6, true, '2025-10-24T11:41:14.29696+00:00', '2025-10-24T11:41:14.29696+00:00');

